# Layer 'AroundNRW' from 20260618
g Rheinland-Pfalz
v 6.373399684025376 50.323080035556856
v 6.39840050620144 50.32318187195178
v 6.420311314505587 50.329848137523335
v 6.425737338075541 50.33243193977233
v 6.426512484524817 50.333723851207935
v 6.426357455861755 50.335325823160474
v 6.425582309804924 50.33697947519198
v 6.424032016682682 50.33914987656243
v 6.391734247117199 50.372222820421996
v 6.390804071070646 50.375375061663526
v 6.390959099970755 50.377519637272165
v 6.392354363912855 50.380025943557996
v 6.395144891792877 50.38204134309884
v 6.39762535995814 50.383229888021184
v 6.40181115134899 50.38338492619433
v 6.406306999703616 50.382248020783955
v 6.413748407540709 50.37832063055889
v 6.416590609987174 50.375375061663526
v 6.418295932090173 50.37320464699253
v 6.419381138353748 50.37067251465215
v 6.421706577388576 50.36839875080902
v 6.428062777935731 50.36483307979088
v 6.444650914078715 50.359252040184614
v 6.448061557738901 50.35646149081737
v 6.450386997606575 50.353567627462134
v 6.4544177598915065 50.34256054650676
v 6.458138462122878 50.34101023604366
v 6.464494662269288 50.34191456641031
v 6.480979445469262 50.346255399092335
v 6.525627883500855 50.366900145401566
v 6.528004997076379 50.36847624569224
v 6.532190789851839 50.36945813483991
v 6.572808464836889 50.373618065217244
v 6.578544548066684 50.375013318053014
v 6.585572544299689 50.37739046136141
v 6.590533481934694 50.376899539090374
v 6.59890506456388 50.375194209233015
v 6.61626834497014 50.36948395361664
v 6.6226245464675415 50.36615082673319
v 6.6247949549587295 50.362507618038265
v 6.622779574633309 50.35948455501378
v 6.619523959400947 50.355608818562764
v 6.618283725648325 50.35292165692985
v 6.619523960389505 50.350932122050125
v 6.625105015828486 50.350312014153964
v 6.635491978617712 50.350312014153964
v 6.649806348551411 50.35465280273145
v 6.656937696273292 50.359148652809644
v 6.663293898090905 50.36209421877712
v 6.671200390944569 50.362352593232686
v 6.681897414555825 50.357934291878166
v 6.68902876095281 50.353929339051795
v 6.701637811609073 50.34369742122248
v 6.71822594622653 50.34157868854323
v 6.770367466203191 50.35263743666182
v 6.795017122962068 50.355608818562764
v 6.79765262219156 50.35669404185113
v 6.799978061441076 50.35948455501378
v 6.801218297137618 50.36336031456599
v 6.7995129738928535 50.3696389829861
v 6.79811770916207 50.37284290662496
v 6.79548221246714 50.37625358411093
v 6.786335484094335 50.38540031482727
v 6.783699984668247 50.38881093598202
v 6.781374546017375 50.39307425089505
v 6.779359165411607 50.40048982062305
v 6.778118930564251 50.40989492119996
v 6.778273960185301 50.42139292692594
v 6.777653842543303 50.423950909626384
v 6.776258579421997 50.42622469047113
v 6.773313022250373 50.428136708496616
v 6.770057406802892 50.42968699399619
v 6.756879916266235 50.43356271244847
v 6.7540893891824005 50.43500965189709
v 6.752539097960812 50.436818357866294
v 6.753004186021232 50.44048738545486
v 6.755329623859652 50.445448316020325
v 6.7609106792520794 50.45423331690413
v 6.761840854821531 50.46015026008756
v 6.761530795773685 50.464413552244274
v 6.760290562352221 50.46733328967125
v 6.759825473552841 50.46919362500546
v 6.760135532457699 50.470666413648324
v 6.776568638079915 50.47686758255623
v 6.81460249116945 50.4863760332235
v 6.820648634242338 50.4860143175975
v 6.822198928069365 50.4827587069555
v 6.828090040225944 50.47516224613768
v 6.834136182225967 50.469219454453125
v 6.836306592938811 50.46772084537969
v 6.8401823256063885 50.465498758871206
v 6.846228467565972 50.46291493420543
v 6.85289472770131 50.46141632549882
v 6.8597160169783935 50.46069285317715
v 6.863643425601264 50.46069285317715
v 6.873565299776943 50.46219145737887
v 6.880696648892971 50.46772084537969
v 6.887827995451952 50.476660862679175
v 6.8901534359941365 50.49658213918334
v 6.88922326067833 50.50596142519044
v 6.887672968005967 50.51273103851566
v 6.886122673522077 50.51702016469391
v 6.8851924976577985 50.5217743989958
v 6.887672967064557 50.52381561425691
v 6.889533318792782 50.52492665243857
v 6.913252801485143 50.5294225285272
v 6.928497349245696 50.54110139168695
v 6.934698521556196 50.5488270299248
v 6.936403843680694 50.551591714181704
v 6.937644076618046 50.55314197948727
v 6.9393493992173 50.554769809731155
v 6.944775425167687 50.556320095635726
v 6.953612095656413 50.55805126464625
v 6.971285434660982 50.55965321128637
v 6.998932326228149 50.56660370444827
v 7.051848993175452 50.59034902862126
v 7.061615839086147 50.592932865687175
v 7.074328239983061 50.59205432914444
v 7.090502963382668 50.5865249512957
v 7.093603550029279 50.586163240038765
v 7.098719516057633 50.586809175621504
v 7.105230746565476 50.589108785871204
v 7.110036655522593 50.59422477525448
v 7.112982212683782 50.598255528259756
v 7.115307651086181 50.60249298316333
v 7.1180981794286815 50.60393993053715
v 7.121818881436187 50.60419829267997
v 7.143729688450887 50.59897898799144
v 7.154581740940424 50.60112357559665
v 7.178611280629386 50.61737579509755
v 7.185742628017614 50.619003596416505
v 7.194114210324168 50.631121724298026
v 7.195354445448044 50.63355053107445
v 7.19690473834541 50.636315224183214
v 7.1990751472522145 50.63752959259312
v 7.2023824390305355 50.63773629587301
v 7.208583611206594 50.63647023137134
v 7.215714959494808 50.633912275344656
v 7.217730339439956 50.63269784754764
v 7.218815545795907 50.63176770390297
v 7.220520867848919 50.62972646104733
v 7.2217611007907365 50.6275560418557
v 7.222846308078068 50.624326296372665
v 7.22424157126276 50.622491768448064
v 7.226256951275241 50.621406550435765
v 7.282584264142102 50.61882275500325
v 7.293901400517905 50.61980457839533
v 7.34046186623065 50.62889963791545
v 7.3444926287565835 50.63008819950371
v 7.371519403869972 50.64259391359825
v 7.373069695767982 50.64445425027677
v 7.373844842508422 50.64729646050533
v 7.373379753522304 50.65339426081999
v 7.374619988390412 50.65745085351075
v 7.3769454263963965 50.66186918551001
v 7.383456658140333 50.66838043032997
v 7.383921745056565 50.67316049724237
v 7.383766718568254 50.677113786320064
v 7.382991570439453 50.68080861772943
v 7.383146602038885 50.683831725662586
v 7.384541865641276 50.69153150798518
v 7.384386832707539 50.6938052261088
v 7.382836540330952 50.695743097823886
v 7.380821162976439 50.69721592207758
v 7.380046015479974 50.698843725538005
v 7.386867305132089 50.703649638530955
v 7.411051870791661 50.708197095626836
v 7.448620641430865 50.70615593519095
v 7.532388135013893 50.72098702916905
v 7.563290642536155 50.73276926747659
v 7.571817253302199 50.73499135378094
v 7.577088248693369 50.73566312425844
v 7.5814290716020265 50.73571484092858
v 7.599464144419889 50.733441031637525
v 7.603184849169965 50.73509470895213
v 7.606130405464598 50.73809195069511
v 7.610471226702717 50.745843426304376
v 7.613416782299038 50.74940909705429
v 7.617912633985585 50.752303001937406
v 7.627214390509694 50.75563610336516
v 7.65920209963603 50.763310025737944
v 7.662147660258359 50.76449863867932
v 7.665093214105255 50.76684986499004
v 7.674084913211659 50.7772109947415
v 7.677495557728727 50.77917471262249
v 7.679820998802707 50.77974315622667
v 7.68090620288418 50.77876129287168
v 7.682766556142646 50.77684930412215
v 7.684316846127955 50.775815727354804
v 7.686642287527106 50.77493725298625
v 7.689587841108809 50.7747305077875
v 7.6920683110317745 50.77506641040289
v 7.6940836910608725 50.77571235434744
v 7.696099073541601 50.777055973279474
v 7.697184279632037 50.778528759187
v 7.698889598816365 50.78162930508791
v 7.699354687146609 50.784419839080094
v 7.699509717399421 50.787649626841194
v 7.698734571810218 50.79191294596222
v 7.693928663958034 50.798036601806956
v 7.675635205992347 50.80997383779065
v 7.7128939146618265 50.8244174414767
v 7.718629996348626 50.82780221001922
v 7.734287956683524 50.83999786376387
v 7.738163690155679 50.84159984830759
v 7.740644158463956 50.841961560616994
v 7.763330109856107 50.83638048434672
v 7.765345493220993 50.836225501798076
v 7.767670933177307 50.83648388402258
v 7.7703064299644184 50.83935189906438
v 7.771236604868389 50.84397693643795
v 7.770461461325822 50.854880712893355
v 7.768291048885141 50.85953153883608
v 7.76596560927408 50.86268380739311
v 7.762865026040836 50.864492537158014
v 7.760849642112895 50.86712796168809
v 7.759247673961265 50.87046113274072
v 7.757852412566165 50.87534458559034
v 7.754131708279154 50.90004591466545
v 7.755682000575617 50.90660879837322
v 7.757542350472564 50.911311316668794
v 7.788599887987827 50.93027660223485
v 7.801622350369822 50.932705416268675
v 7.859654980547417 50.922473434598544
v 7.8563993673254995 50.908210771076355
v 7.852058545803486 50.89916736489906
v 7.849268018849955 50.8950332682798
v 7.846942579662844 50.89056325431114
v 7.845237258226413 50.885111407242555
v 7.844617140803493 50.88195914849933
v 7.846167431309758 50.87885852450726
v 7.849888135896984 50.87617137624902
v 7.8591898951669945 50.87265739973273
v 7.885596551189852 50.86692129121423
v 7.8935030435367 50.862554601811546
v 7.923888786329575 50.84113473478528
v 7.934482455554797 50.83524363635488
v 7.942543979585208 50.83203968704806
v 7.946574739169552 50.832091346965115
v 7.94921024062588 50.83253065151553
v 7.9620776685704575 50.836897249421426
v 7.96486819576275 50.837414015633875
v 7.9676587273793835 50.83746575465386
v 7.970294221933363 50.83702644086786
v 7.973394811256675 50.8331765974431
v 7.976650426744249 50.82697543405687
v 7.982231480527012 50.81056814442158
v 7.98393680199469 50.80299754753391
v 7.983781774045411 50.794522626155604
v 7.98130130661481 50.78504002282579
v 7.980526156000808 50.7779344555462
v 7.98114627505039 50.773541999060775
v 7.9914298845874505 50.760984617924954
v 8.033752881172129 50.725999626894534
v 8.050392695114958 50.70734449430873
v 8.05240807627698 50.70398551796896
v 8.05457848252807 50.69861111475225
v 8.056283805494399 50.69091133603589
v 8.059229362227125 50.68905098566708
v 8.06450036105291 50.689516110826034
v 8.089460077776888 50.69680248997028
v 8.09550621836131 50.69713835969848
v 8.106720006944276 50.695045508904485
v 8.134470248392704 50.684038391378664
v 8.130439485927939 50.66739856204589
v 8.12656375646035 50.66114576814232
v 8.12222293618821 50.65561638147765
v 8.120672640881997 50.6526449421277
v 8.120052524657769 50.64988029270463
v 8.12160281654267 50.64579782500683
v 8.135400425620544 50.62667757228048
v 8.140516391823384 50.61753082887581
v 8.143927035003648 50.60264800725881
v 8.14780276961245 50.59706696979631
v 8.150593297366761 50.593811366545324
v 8.159636672045872 50.59081411644963
v 8.160876905782965 50.58835947485605
v 8.163822462340947 50.58580149041133
v 8.154210646376185 50.56947176066952
v 8.138656039930586 50.5434268276609
v 8.137260775121112 50.541566461509895
v 8.134780309098224 50.539060184770335
v 8.130439488044747 50.53629548961856
v 8.114626498998078 50.52877655339587
v 8.110130648627129 50.52714874425486
v 8.107185094130006 50.52652864977665
v 8.103619419813155 50.52652864977665
v 8.093335808722959 50.52751048298707
v 8.090235223954489 50.528621538300015
v 8.087444695701459 50.53017181050087
v 8.070391473751627 50.5443570161587
v 8.066980829271305 50.5459073124141
v 8.062640008884962 50.54647574262287
v 8.052873163320987 50.546010663260724
v 8.04155602430112 50.544460366335834
v 8.035923291892125 50.541566461509895
v 8.030962355493443 50.53779409891269
v 8.021040479757623 50.528440648572264
v 8.015149366298976 50.52459075301172
v 8.009258254015437 50.52203278907119
v 8.004452345493712 50.520740880387635
v 8.002747022352784 50.516477561093176
v 8.00026655405161 50.50882945544145
v 7.9979411155125115 50.475834062750025
v 7.9982511737672235 50.474283752469546
v 7.998406203816944 50.472165041073325
v 7.999336379014708 50.46591217961636
v 8.000421582819715 50.464103488549945
v 8.002281934932023 50.462449861159456
v 8.00507246291844 50.46077037768934
v 8.00832807812243 50.459220086680396
v 8.017629836571006 50.4559903166384
v 8.019180130352375 50.45490511398247
v 8.01824995272829 50.45304473349704
v 8.015459425020701 50.45020253489322
v 8.00042158396985 50.44033234951192
v 7.996235793691241 50.43216747152219
v 7.992515090319394 50.42131541507903
v 7.987554151146715 50.41185861203434
v 7.97510013101808 50.40514067997093
v 7.973394810113601 50.40025726639431
v 7.9755652206691865 50.3983710965343
v 7.980061068813811 50.39578725204941
v 8.022280713715308 50.38912098069464
v 8.025691359214388 50.38826834896958
v 8.02863691618754 50.38627879589763
v 8.028946972916827 50.382248020783955
v 8.03003217859114 50.37888905392845
v 8.032047559470774 50.37671864663607
v 8.049462517986525 50.37129263576903
v 8.054578483853783 50.36602161800403
v 8.073181998872267 50.33858142975242
v 8.080003289809286 50.33031322767459
v 8.08946007731781 50.32367280211557
v 8.098658480994175 50.32054636601318
v 8.10067386210228 50.31946116828106
v 8.1073401220152 50.31108958919361
v 8.118812290362753 50.28571646041461
v 8.121912875297863 50.28065216086715
v 8.122688022898357 50.277913315730494
v 8.122688023371543 50.27439932645542
v 8.122067905661066 50.27166047384732
v 8.120517611444624 50.268921613139646
v 8.117572056432532 50.26716462838827
v 8.112301059949623 50.264684147148635
v 8.096126335879841 50.26204865253909
v 8.045741814416505 50.26334055962776
v 8.041711052953776 50.26184194104384
v 8.038248731633452 50.258844712059
v 8.034217970547056 50.251713370008005
v 8.033442824378662 50.248225214246574
v 8.033597853051617 50.245718906097885
v 8.042641228859479 50.23843251571244
v 8.043571405139685 50.23641714014795
v 8.042021111908236 50.23383332621696
v 8.030497266938134 50.2226970437141
v 8.027086623181361 50.21796865082727
v 8.023055861414557 50.215875764402725
v 8.015924513635053 50.21618582196062
v 8.01127363410369 50.21796865082727
v 8.007397901473235 50.2201390611161
v 8.003677198106244 50.22331715708145
v 7.9982511740797255 50.22690867711221
v 7.995615675334857 50.22799389036682
v 7.993290235370494 50.22835560975803
v 7.99080976724936 50.22727041432863
v 7.986623975992541 50.224867457092884
v 7.980371128053003 50.219415588880636
v 7.9529309424112204 50.211173208164105
v 7.939443393732834 50.204997865651706
v 7.9221834648578255 50.20008860645989
v 7.916447381741001 50.19592866608863
v 7.910091180163669 50.188952343530495
v 7.898153924885613 50.171330684204044
v 7.895983514107892 50.162313138173836
v 7.8967586613233065 50.15502676099562
v 7.900324333937281 50.15166779487624
v 7.90420006711715 50.148670554208444
v 7.907300652598764 50.14686188011644
v 7.9260591974619645 50.1399889155701
v 7.928746372052808 50.138490303566016
v 7.930451694286811 50.136345729710364
v 7.9306067240029945 50.13440786579194
v 7.929831576808115 50.131617339809935
v 7.924973992745855 50.12236725139878
v 7.923423700129192 50.11815562453549
v 7.922803581563098 50.115235905505905
v 7.922493524431685 50.111670237124244
v 7.921718377239945 50.10880219683424
v 7.9193929378083245 50.107872014336024
v 7.913036736811692 50.10973237313145
v 7.909316034582111 50.111670237124244
v 7.905285272063802 50.114228216452425
v 7.899859245810976 50.11874990494592
v 7.896293573522585 50.12071361292309
v 7.892572870372841 50.12097199441701
v 7.886681756095672 50.12017100975466
v 7.878310173761703 50.11815562453549
v 7.8728841493563335 50.11787140524301
v 7.867561475750046 50.11843984415585
v 7.863840772713087 50.1195767259162
v 7.859189894022411 50.118698232975966
v 7.854539014638779 50.115778507516694
v 7.846942580166291 50.10676097759816
v 7.844307081369686 50.10180003086244
v 7.843221877062913 50.09714915926957
v 7.8427567889319905 50.088209133919705
v 7.838881056191644 50.08435923855098
v 7.828494093504157 50.0788557006182
v 7.810769077310296 50.07317129194438
v 7.7713916356757355 50.05348257256501
v 7.77511233871402 50.05107961805465
v 7.785034214318384 50.04852163245282
v 7.849836459798185 50.01074616124933
v 7.857277865884529 50.00258128546551
v 7.860275099492652 49.99002391365788
v 7.878155152003623 49.97294497548968
v 7.91856612006655 49.97387512332845
v 7.961922635105513 49.983099148187335
v 8.009723335802693 49.99932556620716
v 8.048532341671088 50.01836843474602
v 8.173796013648998 50.04578278249538
v 8.200719435185832 50.04629954917344
v 8.213018425885652 50.04443919709212
v 8.228107944467167 50.03818634793203
v 8.335439894742358 49.95963818577998
v 8.35512861010417 49.925634999500666
v 8.340090768067 49.89101178567013
v 8.347583858046264 49.87853204770032
v 8.370476519420784 49.85659544155105
v 8.38045007329803 49.842591151386564
v 8.38422244107411 49.83230734944099
v 8.386341182689915 49.82383255358991
v 8.389803501758887 49.81530590067233
v 8.408665396256964 49.79267156909462
v 8.413729696361782 49.78471356859421
v 8.415796742123355 49.77773706352952
v 8.423806598025212 49.7672985780874
v 8.442203396043725 49.768047671998495
v 8.462512234378204 49.77107075705079
v 8.476619909761444 49.767505245862736
v 8.473829379543464 49.7574541262704
v 8.460806923191992 49.74378579023964
v 8.439102808819843 49.72652564360979
v 8.406443311372513 49.72241749905551
v 8.379209834381442 49.7104027756
v 8.362259957568869 49.69092062281216
v 8.360554648729698 49.66446253827799
v 8.375437458142638 49.64110472666064
v 8.400035426526161 49.61040870236903
v 8.416830274135927 49.57945464802954
v 8.408355342377538 49.55521845554565
v 8.427733995206731 49.534237656742405
v 8.450161578955763 49.49124306864156
v 8.463597436845435 49.47269099632588
v 8.463597437359052 49.46584387823388
v 8.442513464437521 49.45899694120221
v 8.442513461401074 49.45217559939184
v 8.459566678693289 49.44778299699719
v 8.477808457898423 49.44638771898562
v 8.49387982971758 49.44261536119909
v 8.504576855780167 49.4310916003369
v 8.501476264887025 49.42917949393585
v 8.492019487031634 49.41321163073549
v 8.490314171284368 49.41122218557979
v 8.491140983405117 49.40308297233806
v 8.497652213507985 49.38649483769592
v 8.497755575898047 49.37646977542748
v 8.461840450661992 49.32347549124024
v 8.45987674860591 49.3150264582075
v 8.483441192827126 49.309548594610426
v 8.479875518214312 49.29699120073425
v 8.410835808158724 49.24366117895486
v 8.398123414852218 49.239294685363056
v 8.387323033939932 49.23198236410382
v 8.38065677967783 49.21485170773149
v 8.36158816040272 49.11961177552491
v 8.357144001892356 49.10956095805468
v 8.283608429123827 49.00995447276408
v 8.262576124852036 48.98845714352831
v 8.23022668562043 48.96553878140882
v 8.199891546531692 48.95825035879563
v 8.200305215033643 48.95856311346292
v 8.188729689367772 48.965746052674945
v 8.090441114137786 48.979181901882185
v 7.9318978263791395 49.03483753438536
v 7.9138110745796135 49.03618112511776
v 7.856863647105071 49.03225372498197
v 7.7736645915457006 49.0481183984069
v 7.762605830846265 49.046154603647935
v 7.739144735286361 49.037731430486325
v 7.726949095513347 49.0356643586544
v 7.717337280740306 49.03659453900587
v 7.696149946861153 49.04155555541056
v 7.685091192589319 49.042795823864815
v 7.672482140185691 49.041038778582625
v 7.660803264283392 49.037731430486325
v 7.648814330497703 49.035716035255895
v 7.644932342874679 49.036295308979724
v 7.63496504733388 49.03778310748641
v 7.625663294904416 49.04300253583215
v 7.6159481146859775 49.05597310256908
v 7.608610072574659 49.06196780005736
v 7.5863892050225425 49.06956418555282
v 7.54267093120289 49.07457656887991
v 7.520863490860084 49.08367188936886
v 7.507737663592154 49.094575354965315
v 7.4851034016080185 49.11870854528462
v 7.471047400839507 49.128320149473446
v 7.472804396873498 49.131627381841426
v 7.475284875761237 49.133901360117
v 7.482726280287475 49.137053573165865
v 7.476111699094478 49.151523029620456
v 7.458024935323008 49.15586361782378
v 7.41482345220216 49.15777590147868
v 7.410482621658922 49.1689378204717
v 7.391052280122436 49.17002295469713
v 7.371633816166081 49.16617376682077
v 7.371261015212504 49.16661153056624
v 7.369193956374356 49.16904029658099
v 7.349143507550856 49.168678689217984
v 7.330229925946594 49.179401423958026
v 7.294676551823376 49.205162344147844
v 7.29390140319949 49.207255194310065
v 7.292351101455675 49.21699603680647
v 7.290335721753702 49.222783799497655
v 7.286925087457999 49.2307938562164
v 7.286615019826558 49.23554791989563
v 7.288165319831072 49.24019894618286
v 7.294211461705931 49.24841547466818
v 7.29576175761463 49.250198357678265
v 7.296536891399331 49.25048234415282
v 7.300102569100794 49.25094750041381
v 7.3024280182434795 49.250792654696426
v 7.303978300495725 49.25053406255137
v 7.30490848266726 49.2503274987089
v 7.305838652379561 49.250172343665376
v 7.307388957210755 49.25006921671097
v 7.311936481789422 49.25043093545534
v 7.314571976440332 49.251102655913904
v 7.316742389511734 49.251929534072715
v 7.3186027307766395 49.252988685169456
v 7.320618120108915 49.254513312779835
v 7.323253617890968 49.25673538893855
v 7.329919868703359 49.26417661594984
v 7.333330523267475 49.27182494367713
v 7.334725781756112 49.27921456380472
v 7.335810991231646 49.2829870389455
v 7.337361275981819 49.286087446998344
v 7.339996779968926 49.288826429333156
v 7.342787303015359 49.29099675938102
v 7.349608587601644 49.294717366917936
v 7.352709182305541 49.2977147678406
v 7.354259477766592 49.30179726004927
v 7.3567399430770335 49.31272675757973
v 7.358445265829832 49.31567232334161
v 7.363096150896232 49.31897973536012
v 7.37461998525677 49.32463808712566
v 7.378805773984168 49.32742858613729
v 7.382526480733181 49.33083930527633
v 7.387332387284683 49.33683372864205
v 7.387952507332713 49.34039946888012
v 7.386867302342328 49.34386178411624
v 7.383456662093417 49.34815101685325
v 7.38423180088019 49.351664863289244
v 7.384851924193292 49.35383540427916
v 7.3905880097122765 49.360708386703344
v 7.385161979159996 49.36967414573315
v 7.37539512831156 49.373368916280796
v 7.351158893663061 49.37931195219361
v 7.301187775188758 49.384841163872615
v 7.291420932747928 49.38882028585211
v 7.293436320379693 49.391455922142555
v 7.294521521024088 49.392541046080126
v 7.294986605797457 49.39341949781052
v 7.295761747298557 49.39424620570814
v 7.2934363111100735 49.39858708496677
v 7.2763830932407085 49.412126420603286
v 7.252301879876611 49.430988402014464
v 7.2461007069097665 49.44612955308638
v 7.250906608789053 49.45098702010158
v 7.254782347170136 49.451658946394495
v 7.2597949547502445 49.454501015523505
v 7.279173621899709 49.470779202970604
v 7.287545192705673 49.47548153328375
v 7.295141643052848 49.47878911640104
v 7.305373572970766 49.48204466754055
v 7.308474151479658 49.48540347962356
v 7.309094268174779 49.490261063659425
v 7.308164092089834 49.497263200328646
v 7.307233925450312 49.50044148719432
v 7.305838658977418 49.502508495100386
v 7.303823280739042 49.50323201377526
v 7.299792521848823 49.50395553447784
v 7.2957617570798154 49.5042655268304
v 7.293591337932422 49.50710755407079
v 7.292351102850424 49.51191346606533
v 7.2923511015055364 49.52519428194181
v 7.290955849151762 49.5343412063074
v 7.279483677615568 49.54891389774969
v 7.273437530201417 49.5616778886535
v 7.273282499820587 49.57671569852762
v 7.27064700534603 49.57780098012766
v 7.267546421601877 49.57849866357961
v 7.261810334189273 49.57599228336991
v 7.255919231680662 49.572323455714034
v 7.2471859108555 49.56834430053098
v 7.237884149417619 49.566173821857824
v 7.219125601648006 49.5635382652655
v 7.208428585488087 49.56436520699382
v 7.202227415862904 49.56545043639753
v 7.199591919210055 49.56731084032687
v 7.196594686475252 49.57004968949854
v 7.159542670906596 49.58710265186129
v 7.137941923731455 49.60090027238129
v 7.132825960643534 49.60201139550676
v 7.072002802333029 49.60353590273115
v 7.065181509780638 49.60493110148915
v 7.060220576289839 49.60751498376526
v 6.998777298665895 49.62947748573358
v 6.978623482734274 49.619581302578055
v 6.971130399569021 49.61867696020546
v 6.962138708112349 49.62358637441413
v 6.948806192173637 49.62746218004728
v 6.942139923514928 49.62792708218073
v 6.936403844665245 49.62715203900077
v 6.859716020480199 49.594492569261185
v 6.71233482972138 49.5503091096758
v 6.697296988028554 49.54808700571971
v 6.693524608422029 49.54793198313782
v 6.6698051291042555 49.549378967550865
v 6.605106234452766 49.53020700677208
v 6.489971145176466 49.53382438898298
v 6.360068628860667 49.526129917037046
v 6.356490919384714 49.52591786425257
v 6.348808550541917 49.52528976740891
v 6.350754029688159 49.53491041962979
v 6.350754029654114 49.56658807179989
v 6.356438433832479 49.5775950863514
v 6.371527958148586 49.59299478439269
v 6.380236228075729 49.59997521876378
v 6.397572870395243 49.6138718421036
v 6.407701462439723 49.62741131688986
v 6.415246210603653 49.634645772266495
v 6.417933390023505 49.6391417455267
v 6.417003209608223 49.64575620546113
v 6.410905394993131 49.649632037282984
v 6.404497511795204 49.6524741239019
v 6.402740516794687 49.65578150519754
v 6.418243452616519 49.66988930341915
v 6.46609449823623 49.69001230490597
v 6.476453713165097 49.6958134347581
v 6.490071226657623 49.702622020513104
v 6.489763626402222 49.70296203577319
v 6.482942343639259 49.70807814147446
v 6.48635298220001 49.71293560550354
v 6.491003869451915 49.71443440491408
v 6.499685501291907 49.7122121145219
v 6.492554156397073 49.718413355397416
v 6.4877999257715695 49.72559641092201
v 6.485526166266742 49.7337613645798
v 6.485544624754503 49.733989413684775
v 6.486249635728816 49.7427013533923
v 6.4959648003184105 49.74823063355088
v 6.496378216322372 49.75210647647138
v 6.4936910371556795 49.75655053494405
v 6.493794398287118 49.763630408330954
v 6.498548624614997 49.78538606160543
v 6.499995568283159 49.786057935737766
v 6.500098921876224 49.79448118570333
v 6.502269333278405 49.795876501761796
v 6.502579393912695 49.79566981077346
v 6.4972050399455075 49.79944210313924
v 6.49327762459438 49.79959696850673
v 6.4624784727556035 49.805488130109
v 6.4145227437722365 49.805488130109
v 6.397056105094972 49.80858863341363
v 6.380106240955166 49.81556506048402
v 6.351374142870618 49.83329005189569
v 6.336900942005768 49.839202798456625
v 6.3344242733924405 49.84021470559797
v 6.3256392879291266 49.84036990643992
v 6.3216932231583405 49.838818523130385
v 6.310653111190856 49.83447854966406
v 6.302591597710663 49.834943831463626
v 6.301558061709 49.83830263908418
v 6.2971685738559 49.84586004265856
v 6.29556788591493 49.84861555453462
v 6.291532838197261 49.85556267027407
v 6.2867786078935355 49.861040410953805
v 6.2722058539613466 49.86713820879792
v 6.238306110171536 49.8769049899813
v 6.22269982753115 49.88713690921005
v 6.221173923596609 49.889512247008845
v 6.1898336162229 49.93829656999552
v 6.172677044739759 49.95622837321836
v 6.161928347375069 49.942482457035496
v 6.153970168812727 49.95121559868511
v 6.142559065166394 49.972330054953865
v 6.138777308088209 49.97932781615898
v 6.121517379570652 49.99627767435888
v 6.117176554001749 50.004390768037595
v 6.119967080984143 50.01550119962928
v 6.113765910037362 50.036378480868684
v 6.107254678933536 50.04459503045197
v 6.096402628899491 50.048625791654814
v 6.1057043859381555 50.06030466655835
v 6.109425089911425 50.063560280940244
v 6.1071513269066955 50.06376698582754
v 6.101156861087233 50.06340525602889
v 6.09939986091463 50.06412872100973
v 6.105704386059415 50.09224070337744
v 6.110561971087915 50.10598663603874
v 6.1174866131172605 50.120456037714774
v 6.126581665027619 50.12732900063649
v 6.12779643533528 50.13014900066424
v 6.129475544938443 50.134046935576336
v 6.1259615468040565 50.140196427469775
v 6.115832966927788 50.14546742632735
v 6.118003377063478 50.15037669046466
v 6.121310668112882 50.161590477604534
v 6.1231710201922995 50.164897771439314
v 6.131749308229588 50.16830841629098
v 6.151696410619339 50.16934193025185
v 6.1591378166369095 50.172442517666305
v 6.165132283842283 50.18189930838402
v 6.165752400040805 50.19316477593139
v 6.1601713463183225 50.20453359729144
v 6.146838826635827 50.21404204563866
v 6.157174113342941 50.222723701853184
v 6.179808389638897 50.23300729576083
v 6.189626912195055 50.242722477440346
v 6.210400838347348 50.24902700587754
v 6.253395630210619 50.25677846774217
v 6.271792439327431 50.26742381534607
v 6.267348266757742 50.27641550155998
v 6.269415323905516 50.286492409877944
v 6.2760299068054755 50.29610422364027
v 6.285951781746797 50.303855686336576
v 6.299491006675691 50.30886829976409
v 6.310653115670022 50.30824818264994
v 6.322021932313286 50.3054059929621
v 6.335457803744746 50.303855686336576
v 6.36201948961956 50.306956270594995
v 6.374525187249362 50.31548289649365
f 1 2 3 4 5 6 7 8 9 10 11 12 13 14 15 16 17 18 19 20 21 22 23 24 25 26 27 28 29 30 31 32 33 34 35 36 37 38 39 40 41 42 43 44 45 46 47 48 49 50 51 52 53 54 55 56 57 58 59 60 61 62 63 64 65 66 67 68 69 70 71 72 73 74 75 76 77 78 79 80 81 82 83 84 85 86 87 88 89 90 91 92 93 94 95 96 97 98 99 100 101 102 103 104 105 106 107 108 109 110 111 112 113 114 115 116 117 118 119 120 121 122 123 124 125 126 127 128 129 130 131 132 133 134 135 136 137 138 139 140 141 142 143 144 145 146 147 148 149 150 151 152 153 154 155 156 157 158 159 160 161 162 163 164 165 166 167 168 169 170 171 172 173 174 175 176 177 178 179 180 181 182 183 184 185 186 187 188 189 190 191 192 193 194 195 196 197 198 199 200 201 202 203 204 205 206 207 208 209 210 211 212 213 214 215 216 217 218 219 220 221 222 223 224 225 226 227 228 229 230 231 232 233 234 235 236 237 238 239 240 241 242 243 244 245 246 247 248 249 250 251 252 253 254 255 256 257 258 259 260 261 262 263 264 265 266 267 268 269 270 271 272 273 274 275 276 277 278 279 280 281 282 283 284 285 286 287 288 289 290 291 292 293 294 295 296 297 298 299 300 301 302 303 304 305 306 307 308 309 310 311 312 313 314 315 316 317 318 319 320 321 322 323 324 325 326 327 328 329 330 331 332 333 334 335 336 337 338 339 340 341 342 343 344 345 346 347 348 349 350 351 352 353 354 355 356 357 358 359 360 361 362 363 364 365 366 367 368 369 370 371 372 373 374 375 376 377 378 379 380 381 382 383 384 385 386 387 388 389 390 391 392 393 394 395 396 397 398 399 400 401 402 403 404 405 406 407 408 409 410 411 412 413 414 415 416 417 418 419 420 421 422 423 424 425 426 427 428 429 430 431 432 433 434 435 436 437 438 439 440 441 442 443 444 445 446 447 448 449 450 451 452 453 454 455 456 457 458 459 460 461 462 463 464 465 466 467 468 469 470 471 472 473 474 475 476 477 478 479 480 481 482 483 484 485 486 487 488 489 490 491 492 493 494 495 496 497 498 499 500 501 502 503 504 505 506 507 508 509 510 511 512 513 514 515 516 517 518 519 520 521 522 523 524 525 526 527 528 529 530 531 532 533 534 535 536 537 538 539 540 541 542 543 544 545 546 547 548 549 550 551 552 553 554 555 556 557 558 559 560 561 562 563 564 565 566 567 568 569 570 571 572 573 574 575 576 577 578 579 580 581 582 583 584 585 586 587 588 589 590 591 592 593 594 595 596 597 598 599 600 601 602 603 604 605 606 607 608 609 610 611 612 613 614 615 616 617 618 619 620 621 622 623 624 625 626 627 628 629 630 631 632 633 634 635 636 637 638 639 640 641 642 643 644 645 646 647 648 649 650 651 652 653 654 655 656 657 658 659 660 661 662 663 664 665 666 667 668 669 670 671 672 673 674 675 676 677 678 679 680 681 682 683 684 685 686 687 688 689 690 691 692 693 694 695 696 697 698 699 700 701 702 703 704 705 706 707 708 709 710 711 712 713 714 715 716 717 718 719 720 721 722 723 724 725 726 727 728 729 730 731 732 733 734 735 736 737 738 739 740 741 742 743 744 745
g Saarland
v 6.348808550541917 49.52528976740891
v 6.356490919384714 49.52591786425257
v 6.360068628860667 49.526129917037046
v 6.489971145176466 49.53382438898298
v 6.605106234452766 49.53020700677208
v 6.6698051291042555 49.549378967550865
v 6.693524608422029 49.54793198313782
v 6.697296988028554 49.54808700571971
v 6.71233482972138 49.5503091096758
v 6.859716020480199 49.594492569261185
v 6.936403844665245 49.62715203900077
v 6.942139923514928 49.62792708218073
v 6.948806192173637 49.62746218004728
v 6.962138708112349 49.62358637441413
v 6.971130399569021 49.61867696020546
v 6.978623482734274 49.619581302578055
v 6.998777298665895 49.62947748573358
v 7.060220576289839 49.60751498376526
v 7.065181509780638 49.60493110148915
v 7.072002802333029 49.60353590273115
v 7.132825960643534 49.60201139550676
v 7.137941923731455 49.60090027238129
v 7.159542670906596 49.58710265186129
v 7.196594686475252 49.57004968949854
v 7.199591919210055 49.56731084032687
v 7.202227415862904 49.56545043639753
v 7.208428585488087 49.56436520699382
v 7.219125601648006 49.5635382652655
v 7.237884149417619 49.566173821857824
v 7.2471859108555 49.56834430053098
v 7.255919231680662 49.572323455714034
v 7.261810334189273 49.57599228336991
v 7.267546421601877 49.57849866357961
v 7.27064700534603 49.57780098012766
v 7.273282499820587 49.57671569852762
v 7.273437530201417 49.5616778886535
v 7.279483677615568 49.54891389774969
v 7.290955849151762 49.5343412063074
v 7.2923511015055364 49.52519428194181
v 7.292351102850424 49.51191346606533
v 7.293591337932422 49.50710755407079
v 7.2957617570798154 49.5042655268304
v 7.299792521848823 49.50395553447784
v 7.303823280739042 49.50323201377526
v 7.305838658977418 49.502508495100386
v 7.307233925450312 49.50044148719432
v 7.308164092089834 49.497263200328646
v 7.309094268174779 49.490261063659425
v 7.308474151479658 49.48540347962356
v 7.305373572970766 49.48204466754055
v 7.295141643052848 49.47878911640104
v 7.287545192705673 49.47548153328375
v 7.279173621899709 49.470779202970604
v 7.2597949547502445 49.454501015523505
v 7.254782347170136 49.451658946394495
v 7.250906608789053 49.45098702010158
v 7.2461007069097665 49.44612955308638
v 7.252301879876611 49.430988402014464
v 7.2763830932407085 49.412126420603286
v 7.2934363111100735 49.39858708496677
v 7.295761747298557 49.39424620570814
v 7.294986605797457 49.39341949781052
v 7.294521521024088 49.392541046080126
v 7.293436320379693 49.391455922142555
v 7.291420932747928 49.38882028585211
v 7.301187775188758 49.384841163872615
v 7.351158893663061 49.37931195219361
v 7.37539512831156 49.373368916280796
v 7.385161979159996 49.36967414573315
v 7.3905880097122765 49.360708386703344
v 7.384851924193292 49.35383540427916
v 7.38423180088019 49.351664863289244
v 7.383456662093417 49.34815101685325
v 7.386867302342328 49.34386178411624
v 7.387952507332713 49.34039946888012
v 7.387332387284683 49.33683372864205
v 7.382526480733181 49.33083930527633
v 7.378805773984168 49.32742858613729
v 7.37461998525677 49.32463808712566
v 7.363096150896232 49.31897973536012
v 7.358445265829832 49.31567232334161
v 7.3567399430770335 49.31272675757973
v 7.354259477766592 49.30179726004927
v 7.352709182305541 49.2977147678406
v 7.349608587601644 49.294717366917936
v 7.342787303015359 49.29099675938102
v 7.339996779968926 49.288826429333156
v 7.337361275981819 49.286087446998344
v 7.335810991231646 49.2829870389455
v 7.334725781756112 49.27921456380472
v 7.333330523267475 49.27182494367713
v 7.329919868703359 49.26417661594984
v 7.323253617890968 49.25673538893855
v 7.320618120108915 49.254513312779835
v 7.3186027307766395 49.252988685169456
v 7.316742389511734 49.251929534072715
v 7.314571976440332 49.251102655913904
v 7.311936481789422 49.25043093545534
v 7.307388957210755 49.25006921671097
v 7.305838652379561 49.250172343665376
v 7.30490848266726 49.2503274987089
v 7.303978300495725 49.25053406255137
v 7.3024280182434795 49.250792654696426
v 7.300102569100794 49.25094750041381
v 7.296536891399331 49.25048234415282
v 7.29576175761463 49.250198357678265
v 7.294211461705931 49.24841547466818
v 7.288165319831072 49.24019894618286
v 7.286615019826558 49.23554791989563
v 7.286925087457999 49.2307938562164
v 7.290335721753702 49.222783799497655
v 7.292351101455675 49.21699603680647
v 7.29390140319949 49.207255194310065
v 7.294676551823376 49.205162344147844
v 7.330229925946594 49.179401423958026
v 7.349143507550856 49.168678689217984
v 7.369193956374356 49.16904029658099
v 7.371261015212504 49.16661153056624
v 7.371633816166081 49.16617376682077
v 7.367591187038562 49.16537223380166
v 7.350951383522853 49.15917119306686
v 7.34630049854948 49.154210155237294
v 7.339065802917019 49.13968916523682
v 7.334001500082274 49.13415952876816
v 7.3264567437502075 49.131834162617906
v 7.30599287692982 49.13012884512026
v 7.297104526405534 49.12811337142881
v 7.290800008902528 49.123100910298135
v 7.280258019025128 49.10899328746187
v 7.274366897859666 49.10501405579598
v 7.268062381910787 49.105634336598925
v 7.241190629231598 49.11390240903474
v 7.154994347669755 49.11441932684875
v 7.1392847035797455 49.117933156450206
v 7.12357507721395 49.123307684447504
v 7.085334510494495 49.14154932576074
v 7.079856818475133 49.14201460009924
v 7.0707617589631715 49.13612335222941
v 7.071588588003855 49.13059409947203
v 7.074792513875652 49.125374506143416
v 7.073242229895642 49.120310403621446
v 7.042546426410583 49.10759794961803
v 7.020532263305705 49.118966699194054
v 7.008956749678524 49.14640704051104
v 7.0094735030541555 49.18170181885637
v 6.987872759310098 49.18242537922841
v 6.925447625100227 49.20557633020816
v 6.914388872790903 49.20666161461807
v 6.885243365865519 49.20480130672168
v 6.843488810828656 49.211054197834855
v 6.833463577944358 49.209452101010875
v 6.8276758271670674 49.19555136154605
v 6.83522058699423 49.17937665534641
v 6.839044637260288 49.162788397615515
v 6.821784710110385 49.14775057403661
v 6.809072312922451 49.14583867215259
v 6.770108272341942 49.1552952292236
v 6.725563193696732 49.15555372824546
v 6.713780965365912 49.15886099004274
v 6.700965213691352 49.17286537727075
v 6.703755732381818 49.18511250841299
v 6.7088200231296815 49.19777325097226
v 6.702515497759962 49.213637885847724
v 6.698484734209311 49.21358617468214
v 6.685048870246577 49.20779861350667
v 6.6806046891310915 49.207488353520816
v 6.677917521808624 49.211054197834855
v 6.675953820387551 49.218909071720276
v 6.6748169383325795 49.22113115751213
v 6.671612993407317 49.22531681778731
v 6.663758176899111 49.24386866662082
v 6.659520714534554 49.24676267206587
v 6.645671422878347 49.25001811778455
v 6.640297076835729 49.2527570342148
v 6.6391601917537955 49.25678772796196
v 6.641227249305807 49.266916299117426
v 6.639676957374329 49.27115378975866
v 6.573169396108243 49.31311520236312
v 6.556426232903554 49.32639608564542
v 6.550121697436966 49.33802302617367
v 6.555599404219292 49.347169862210166
v 6.573376098548294 49.34773835521579
v 6.577716922145241 49.355799936015345
v 6.57430627310938 49.361794312167596
v 6.52573043451426 49.39548751192572
v 6.518805787928884 49.40215366924248
v 6.520769490943508 49.40256703673184
v 6.520562789010755 49.408148181869564
v 6.5178756165049965 49.416416466766776
v 6.5116744345092075 49.424736147725696
v 6.4945178631716045 49.43553660485499
v 6.402740524283264 49.46545737527002
v 6.391681762220783 49.46669747222868
v 6.383516886378213 49.46463044063376
v 6.371474318559072 49.45923094470909
v 6.36667215382778 49.45707781048205
v 6.3644999529991715 49.456103683515565
v 6.353854609013606 49.45476011955913
v 6.3453070723663165 49.45534868339684
v 6.345379678689256 49.46271839685817
v 6.345027872566562 49.466154444786504
v 6.342279087452306 49.493000643693456
f 746 747 748 749 750 751 752 753 754 755 756 757 758 759 760 761 762 763 764 765 766 767 768 769 770 771 772 773 774 775 776 777 778 779 780 781 782 783 784 785 786 787 788 789 790 791 792 793 794 795 796 797 798 799 800 801 802 803 804 805 806 807 808 809 810 811 812 813 814 815 816 817 818 819 820 821 822 823 824 825 826 827 828 829 830 831 832 833 834 835 836 837 838 839 840 841 842 843 844 845 846 847 848 849 850 851 852 853 854 855 856 857 858 859 860 861 862 863 864 865 866 867 868 869 870 871 872 873 874 875 876 877 878 879 880 881 882 883 884 885 886 887 888 889 890 891 892 893 894 895 896 897 898 899 900 901 902 903 904 905 906 907 908 909 910 911 912 913 914 915 916 917 918 919 920 921 922 923 924 925 926 927 928 929 930 931 932 933 934 935 936 937 938 939 940 941 942 943 944 945 946 947
g Niedersachsen
v 10.327979761460758 53.432656044206205
v 10.35051070781345 53.43203618788199
v 10.386425825963057 53.42387129808081
v 10.528380974215745 53.37240142730405
v 10.569515408714711 53.36387475031306
v 10.601244732347896 53.371832844751225
v 10.675503785846391 53.37369343702504
v 10.709713569007057 53.368344753789756
v 10.73157271040278 53.35198928265169
v 10.734311560881874 53.33782993341809
v 10.734621609455498 53.321706781986634
v 10.739427521775923 53.30845181963198
v 10.7558089444618 53.30294819610622
v 10.77513593193857 53.30023521538039
v 10.78681482604413 53.29343999902847
v 10.807330347546765 53.27563721543731
v 10.839266381116252 53.26010842454223
v 10.930216902847018 53.22845662542221
v 11.04008100898375 53.16639334866285
v 11.068089645508891 53.15551557929828
v 11.07764978241412 53.1490043176111
v 11.089432002257906 53.14419834022595
v 11.09971560299595 53.1485390554742
v 11.109275755443068 53.15577389200086
v 11.124933711330142 53.162130063085584
v 11.133098591993658 53.167607801310425
v 11.14343387312712 53.172672036935175
v 11.156146283668674 53.173860693572536
v 11.164517859504498 53.1708633893479
v 11.17040896125997 53.165463060797975
v 11.176145043574707 53.15887430010265
v 11.184051559863171 53.15210493738474
v 11.194335145182503 53.140942549642446
v 11.201363154246065 53.140477620954826
v 11.214488975695778 53.1490043176111
v 11.22466921247467 53.15303484903554
v 11.232317322196439 53.148797359304915
v 11.239707075439664 53.14202801737148
v 11.255830107788402 53.13618842047466
v 11.262444708625164 53.13071089936983
v 11.274089919622279 53.11754371848817
v 11.274516759743126 53.11706120576073
v 11.29091839728139 53.09851619796509
v 11.327608687575228 53.072419864704216
v 11.344145128571155 53.06632185922432
v 11.365642532016624 53.06399650337448
v 11.384246046495948 53.06712290872686
v 11.416853866638718 53.080894587477076
v 11.437937854846918 53.083840181640504
v 11.460933863049203 53.07942180634653
v 11.490699484510808 53.060740734804384
v 11.509303001407748 53.05650327546075
v 11.53229902723406 53.054643078095374
v 11.581339952265838 53.04286075208939
v 11.5619096172465 53.0100204162267
v 11.551987735972181 53.00565368682266
v 11.538965284294173 53.0055504377151
v 11.530748737407865 53.00769507086781
v 11.525167690594284 53.008237764512906
v 11.515090778704533 53.0067390647357
v 11.509768113905182 53.003845261045925
v 11.506822551023811 53.00113218013879
v 11.501861605504835 52.99190784775037
v 11.500931442761686 52.98914330440322
v 11.496280563924739 52.96940290992507
v 11.496280542520736 52.96302063357956
v 11.496590623830876 52.95997197774633
v 11.497985875662419 52.95449414122576
v 11.500466342565089 52.94953318397537
v 11.502016636035636 52.94415884381473
v 11.50015629648113 52.94260868841665
v 11.498295923634254 52.941833300413066
v 11.47938236285248 52.94123917392082
v 11.4703906605682 52.94007641543925
v 11.412358030742695 52.906435102781316
v 11.408740670818021 52.905246426518175
v 11.37370405448853 52.89956208135259
v 11.312880894987275 52.88380077520512
v 11.292262001402479 52.88318070451926
v 11.284458868525292 52.88529952300364
v 11.278722783740697 52.88431765949886
v 11.272831650542834 52.88209534935531
v 11.264305048335324 52.877547930560276
v 11.258103887385925 52.8763078286141
v 11.25329797412712 52.876152737748065
v 11.250507446583374 52.87692787865616
v 11.248182011899237 52.87785811450481
v 11.246166610450985 52.87956319075708
v 11.244306277342986 52.881578785220924
v 11.242910996160191 52.88405905989122
v 11.24089562738072 52.886152090105234
v 11.237898378178855 52.88785723487571
v 11.225341016530413 52.8909837896984
v 11.22224041960785 52.89248227506215
v 11.219759960128771 52.89444608445501
v 11.216969436307322 52.89625480657101
v 11.213558784400849 52.897753330229776
v 11.16529301067727 52.903257029463845
v 11.106640252409106 52.900595615600274
v 11.098888788641302 52.90142244672861
v 11.08090539062164 52.90752027140127
v 11.050778025604593 52.91227444076984
v 11.034344928729341 52.91307551809466
v 11.014656197630925 52.911861003023425
v 11.002512254603065 52.90870896077865
v 11.000651902859888 52.90764958587412
v 10.999876742768562 52.906900129399844
v 10.99879153492424 52.90586656354397
v 10.997396279610856 52.90390296001003
v 10.995845988846206 52.90137084834201
v 10.994760783006248 52.89847695462297
v 10.993985622069115 52.895505391517176
v 10.99367556621153 52.89263737819994
v 10.993520534764556 52.88762474290486
v 10.993055451683189 52.885996991842724
v 10.991660176256996 52.883903963201725
v 10.989334738809621 52.88212114613649
v 10.970421181285749 52.873103794518684
v 10.960654339417358 52.86514567332972
v 10.94168908319145 52.85907363610558
v 10.914093852463132 52.85372493028323
v 10.898901002706912 52.848919265680024
v 10.88551680311715 52.8471622283358
v 10.842522000126287 52.84847984767279
v 10.795393096023494 52.8463352998853
v 10.762010131932579 52.83837726545599
v 10.758599488596477 52.835095817353064
v 10.760769901541838 52.82995405351399
v 10.760459830367363 52.82649158092125
v 10.757824344672198 52.82173749812655
v 10.756739128790645 52.81817169313147
v 10.757049194957622 52.81517455224043
v 10.759219601732346 52.81000686609016
v 10.759994754647158 52.80724224463463
v 10.760149769277332 52.80429652144388
v 10.760149785340966 52.80135115456833
v 10.757359233809613 52.79243669019129
v 10.756739120766934 52.78949117722783
v 10.756894166534204 52.786494136321174
v 10.757979368492919 52.7836260612026
v 10.759374627297188 52.78168814404628
v 10.763715447993299 52.77734731297217
v 10.774257436310979 52.76168931640782
v 10.778753287198116 52.75838204212737
v 10.79167240957319 52.75037236182483
v 10.793842802245855 52.74794336051407
v 10.794772993579778 52.740372955866114
v 10.796168256477097 52.73409425602148
v 10.800974156191666 52.72246696338621
v 10.80593509698947 52.71810033394064
v 10.811206081325665 52.716058979412885
v 10.821748073737398 52.716058979412885
v 10.828724402939496 52.71378534767605
v 10.836940957273484 52.71027137333047
v 10.847069542643505 52.69735231343924
v 10.884896672019838 52.651411744524275
v 10.919829948713062 52.61947579786933
v 10.928201537366423 52.614204878522095
v 10.933782587503293 52.6129129328095
v 10.937348260207221 52.613843088933976
v 10.948665386116756 52.62050919762547
v 10.952076037726432 52.62180119013386
v 10.957192016494584 52.62252479739279
v 10.963289828793938 52.622111307224735
v 10.973366728994957 52.6193207412155
v 10.976777383305677 52.61627194537491
v 10.97770755875296 52.61317135273435
v 10.976312290567279 52.61058748199523
v 10.974296911645107 52.60831373976896
v 10.969335970135907 52.60436043398821
v 10.952696158361833 52.59327583450944
v 10.950370723281473 52.591157158428594
v 10.948355335706594 52.588934990514865
v 10.947115109178773 52.58635126096576
v 10.946494989560343 52.583612375834306
v 10.945874866050882 52.567928520211105
v 10.946494985240369 52.56294175311898
v 10.949130491864368 52.55374345601498
v 10.951300894987288 52.548989139316
v 10.953678007446808 52.545475100336475
v 10.95584842978681 52.543382346484435
v 10.960809353761002 52.53968733455259
v 10.963754919950484 52.53805962768304
v 10.966390411268488 52.53619920475082
v 10.994140664864274 52.50899166843572
v 10.999566687893967 52.50258376429191
v 11.001737098508306 52.498139593195454
v 10.998946567569698 52.49705435353571
v 10.994450723542919 52.496899387042646
v 10.976002229321 52.49948311882521
v 10.971351347740375 52.49958643107157
v 10.966855499671622 52.49912136935175
v 10.962669708073427 52.49834621642446
v 10.955641718728286 52.49604668084541
v 10.95254113047922 52.49441883957239
v 10.9500606645124 52.49245517852175
v 10.948355346465974 52.490181455469006
v 10.947270136928967 52.48780429333986
v 10.94680504268927 52.4841868693923
v 10.946184926189163 52.48284328400443
v 10.945254760122024 52.4816031676061
v 10.94323936877044 52.47958766035619
v 10.941379016746026 52.47643538775632
v 10.940448840001919 52.47276635169554
v 10.9390535884919 52.462121153790385
v 11.010728794992797 52.40346834156961
v 11.015379666568244 52.40062605084865
v 11.020857379762756 52.39830073973623
v 11.02442305364631 52.39721554048351
v 11.03760053567898 52.39483832220534
v 11.06695275703835 52.37974891022871
v 11.070053339456777 52.376544925383676
v 11.072998894151972 52.372178243805706
v 11.072017038996934 52.36853501736287
v 11.070466748618994 52.36473682637883
v 11.069123163612133 52.35845817576018
v 11.066746051882935 52.355693525606995
v 11.063800491804482 52.353833133942956
v 11.047057332345913 52.35096514693172
v 11.018997023350071 52.34874298953585
v 11.008403357206033 52.34631422294288
v 11.001427030841953 52.343730315524894
v 10.999256620528055 52.342490069912635
v 10.999256630319282 52.340319775115
v 11.00003177496615 52.33814934551019
v 11.00080691669802 52.333343383173336
v 11.00173709010477 52.33044947197446
v 11.002977326816854 52.328847530306675
v 11.00592288858609 52.32768487113379
v 11.01382938274132 52.32579868149575
v 11.020702339643941 52.323163095507645
v 11.022872756473959 52.32163870624808
v 11.02395796174832 52.320424316870266
v 11.024733104902678 52.3183055447554
v 11.025198200108163 52.31598019066742
v 11.026128368834193 52.31380969477687
v 11.027523639330049 52.31225948853121
v 11.030469193953051 52.310192407496466
v 11.033724804323645 52.30647164927387
v 11.033724811488694 52.3037070450307
v 11.032019484187824 52.30138153606818
v 11.021012400613948 52.29572292938627
v 11.015689727537168 52.29169216146294
v 11.014139443529547 52.28967688440898
v 11.014759562111323 52.28740313259028
v 11.027213578398369 52.275155780611854
v 11.03341474351231 52.27112492946238
v 11.037445502177686 52.26900617512395
v 11.04209638768595 52.26347687236621
v 11.044576862206355 52.26177160803423
v 11.047987499915923 52.26120308504956
v 11.055894001661969 52.262598439187876
v 11.06069990180891 52.2614097919906
v 11.062250194666264 52.258515912955886
v 11.06178510956189 52.25086783528505
v 11.062715281892881 52.24590685395161
v 11.063645464542462 52.243684847006456
v 11.066332630048775 52.243503875755444
v 11.068503040807215 52.24502833592773
v 11.070466754909761 52.24694047374811
v 11.07263716481973 52.24993770135448
v 11.073463983915586 52.25076448687134
v 11.075634392434225 52.251281229437915
v 11.078424920573491 52.25097118374856
v 11.082920774198264 52.24714716694034
v 11.08447106381824 52.24365897155825
v 11.08524621583297 52.2400933646377
v 11.085091174555483 52.23071395442424
v 11.084316037706644 52.22782017576644
v 11.082920769456376 52.22513295128726
v 11.080905390739858 52.22283338371096
v 11.078269897707706 52.22099892191501
v 11.072017048217722 52.218750986666585
v 11.057909380404542 52.21707147952231
v 11.03744550404735 52.21146448876843
v 11.034189898722484 52.20960425266043
v 11.029073927136464 52.206116039747734
v 11.02070234156209 52.194049551708076
v 11.019307077722345 52.1899929428794
v 11.019307082955363 52.186866581007166
v 11.022717723846574 52.18198311304153
v 11.025043159991919 52.17934756946314
v 11.027213581163167 52.177539032368365
v 11.030004104508565 52.17583366603005
v 11.033259719647603 52.17443840484206
v 11.037135454493576 52.173327375793356
v 11.041631297520578 52.17283637395252
v 11.045972120774454 52.173146463746086
v 11.050467966109668 52.171699486372304
v 11.05434369657993 52.16839216839174
v 11.057909375512336 52.15800525923671
v 11.057909375966801 52.15283762163163
v 11.056514117040539 52.14885859679955
v 11.04829756235704 52.139711851749524
v 11.043336619668942 52.13550014991671
v 11.03822065911266 52.13170200825168
v 11.0138293761372 52.11893784485117
v 10.992900427166516 52.11159986567798
v 10.958122187789948 52.10483024425772
v 10.951610951811503 52.1023755545858
v 10.948820423574364 52.099740042179796
v 10.947735224293746 52.096975429319386
v 10.94851036893763 52.09485666369617
v 10.94944054836489 52.09366815809134
v 10.951765990393552 52.09222124281177
v 10.967165560706453 52.08493478516031
v 10.969335967927286 52.08353948397891
v 10.970111122910376 52.081214158677014
v 10.970731228297339 52.07707990817267
v 10.969956085275056 52.06891506162107
v 10.968405790357982 52.0645742136806
v 10.965925332134931 52.06142208827832
v 10.962979775693912 52.0598201109917
v 10.959052358786082 52.05857977754528
v 10.955538369626572 52.05795977016621
v 10.945564819422097 52.057701395109554
v 10.896213813800847 52.05852807102442
v 10.876215036435461 52.0566677412735
v 10.850325145727036 52.05025988673543
v 10.717465037815712 52.05023403446426
v 10.660827671495978 52.044730547695735
v 10.652456090974871 52.04261182237127
v 10.651060821029214 52.04028630892536
v 10.651215849099035 52.03770246910323
v 10.651991005267403 52.03501541481199
v 10.652146035619976 52.03237993735631
v 10.651215853956966 52.02979603485538
v 10.643309360679272 52.024473383343995
v 10.635092813640235 52.01775551360004
v 10.621605259754919 52.01052074303684
v 10.6150423542139 52.00881543816408
v 10.609306264550174 52.00819525940852
v 10.580005725739634 52.01031396275211
v 10.573804562027336 52.00886713286099
v 10.570083851329029 52.00679998115443
v 10.569618767980195 52.00419037896802
v 10.570083852624299 52.00214911821026
v 10.570548941777586 52.00121895753998
v 10.571169062299681 52.00034049351477
v 10.572719349534731 51.99860926558175
v 10.58620690530485 51.98716301833404
v 10.587757199480835 51.985354361381354
v 10.58853233993763 51.98375231768015
v 10.590237664976149 51.976155927492805
v 10.615352409718621 51.968404433191814
v 10.618608031915855 51.96605324329826
v 10.624705847149068 51.960291274950784
v 10.629356718531206 51.958301637914275
v 10.63478275028416 51.95765576152665
v 10.641914097783546 51.95892183139353
v 10.644549593786575 51.958689258632425
v 10.645479767013976 51.95708725406571
v 10.64439456538281 51.95481355224266
v 10.641759066146388 51.953056531619474
v 10.626876249870554 51.948922365911585
v 10.623620639250978 51.94757883370986
v 10.618142941292652 51.9434447716261
v 10.615042356918368 51.93424638029094
v 10.613026971041002 51.92453115805639
v 10.613492063111202 51.9231359446886
v 10.615042352834394 51.920707104564876
v 10.631837191799793 51.91367910657422
v 10.63524783972315 51.91156040116675
v 10.638193398447632 51.90675451858523
v 10.641138947051836 51.89156155803172
v 10.640983919537748 51.886652312567264
v 10.63989871755184 51.883551760129315
v 10.638503451563068 51.882259824024864
v 10.636333045546879 51.88065790896698
v 10.634317665571334 51.878642537329725
v 10.630907022833084 51.87365577365095
v 10.62873660886586 51.87145949188201
v 10.625791049464736 51.869934991870345
v 10.618142943677524 51.867997210766035
v 10.614422233151005 51.8661884426355
v 10.611011590164933 51.86355296544684
v 10.607600942087297 51.85885035703425
v 10.604345332049594 51.85631828516449
v 10.60062462776022 51.85456127141688
v 10.58713708200246 51.850995628630976
v 10.582176141282982 51.847739983346024
v 10.580160761515476 51.84489779025611
v 10.580160762520569 51.830273372153
v 10.577835324798372 51.80521032051627
v 10.578300413055743 51.80040441515971
v 10.578920529380719 51.799629263796724
v 10.580005730573058 51.79663197488873
v 10.58248619727012 51.7844879878621
v 10.58388146244528 51.78030222302981
v 10.585276733144733 51.77792519210929
v 10.5903926979376 51.77508296021128
v 10.595508660646413 51.77146555591535
v 10.597679075617085 51.76945024440771
v 10.602950065964109 51.76578113838088
v 10.60915123561066 51.762732202670286
v 10.616127557397947 51.76004507443081
v 10.619228136641627 51.75854638051137
v 10.622225372790655 51.75554917961016
v 10.624550815747591 51.75162182042999
v 10.628271521817679 51.741183207294306
v 10.630131867203124 51.73839260923002
v 10.638193392862307 51.73136463848803
v 10.644239531819803 51.72133937061954
v 10.646409944358544 51.71984078222497
v 10.658192177581332 51.713665528440174
v 10.661137733431714 51.71100418209293
v 10.664083281156048 51.707231701700536
v 10.668269076675836 51.6982917346163
v 10.669199258097747 51.692969129712374
v 10.66904422373996 51.66986969498661
v 10.697621287546315 51.63736518034852
v 10.648890419075412 51.619743607662286
v 10.631372109934832 51.607031211954606
v 10.629666788167476 51.603207173736806
v 10.629201689896139 51.6009849585145
v 10.630751986866859 51.59917633681808
v 10.635092813555598 51.595197326811366
v 10.640828897825047 51.58858273908893
v 10.650595735008896 51.58165799689255
v 10.652301065246062 51.58080543508297
v 10.654161416747352 51.57824745646245
v 10.655401642789833 51.574423285291964
v 10.653386263904178 51.56579334357755
v 10.649975619712192 51.56248606913808
v 10.645324745064883 51.56114253704885
v 10.641604032365818 51.562150107193084
v 10.638348419058115 51.56354539218709
v 10.624395784247406 51.57315722699846
v 10.61845299476604 51.57344145630541
v 10.610391473217764 51.5725629731618
v 10.561970660489528 51.557421836306595
v 10.557474809467909 51.556595004943134
v 10.52662397818609 51.55540643043449
v 10.514221629031656 51.55628484626251
v 10.478823273539328 51.574707516207184
v 10.431022571039609 51.59070132465016
v 10.42172081978225 51.591864131769896
v 10.414279414145879 51.589822930059654
v 10.400481799789969 51.587962489831696
v 10.385237259902672 51.587807545050225
v 10.378415973072068 51.58677406141412
v 10.374850292276838 51.58574042620495
v 10.374075146148948 51.584035118358244
v 10.374075153035147 51.58258826701661
v 10.374230173834556 51.58176134267661
v 10.374850296887422 51.580934577741296
v 10.377795846129946 51.578040611844195
v 10.37857099284919 51.57677453308054
v 10.379346144724042 51.57468171965706
v 10.379501172988554 51.57199451714058
v 10.377950885925088 51.56631019267599
v 10.375315387277864 51.56067744607559
v 10.36461835559629 51.54243554192594
v 10.357642043030433 51.536389470308364
v 10.341363963006364 51.52894801440171
v 10.338211699288019 51.52595077460359
v 10.337281525842004 51.52295357483125
v 10.335111113559066 51.52119653880203
v 10.332320593156943 51.5198013610158
v 10.323793983591003 51.51726924332901
v 10.306430701075653 51.51055129832764
v 10.301624788981027 51.507218111801826
v 10.298679237135271 51.5040917509391
v 10.297439004843046 51.49988014913293
v 10.294493436471042 51.49349795744632
v 10.291237823018115 51.49127589197747
v 10.286897007627424 51.49006156388583
v 10.282504509822001 51.48944143078152
v 10.239561397577992 51.472104026109434
v 10.232275018039589 51.47008860427778
v 10.222766549729146 51.470036878949024
v 10.218735797586774 51.470812135046046
v 10.216100300880756 51.472310773123276
v 10.214394971388908 51.47401601348004
v 10.21392988374666 51.47515289964963
v 10.213464791717291 51.47701318597748
v 10.212844679699778 51.47804678920723
v 10.209589066077891 51.47949374793555
v 10.204473098208238 51.48011385362675
v 10.194706246176272 51.47939029296886
v 10.189590285763433 51.47789176404779
v 10.18586958329548 51.47597974376689
v 10.183544141388156 51.47401601348004
v 10.181373735976488 51.4718714945474
v 10.180133503456934 51.469675270789125
v 10.179668410757468 51.46753063691778
v 10.179978473083835 51.4661612635545
v 10.181218701679251 51.46455921823403
v 10.18214887390525 51.46280216953016
v 10.181993850989725 51.461355318027266
v 10.17982344280127 51.45817724653563
v 10.172227003070331 51.44934051186146
v 10.168454628121111 51.446653401883815
v 10.16333865707076 51.44481883527077
v 10.149851113585159 51.4426485001987
v 10.14675052222915 51.440633029181754
v 10.146285437902439 51.438281799285505
v 10.146595492901676 51.43717072355797
v 10.149696077839273 51.43179635668909
v 10.09972497000612 51.433036619898175
v 10.084687130814839 51.43107295108469
v 10.078796018551207 51.42513017582283
v 10.073369991217293 51.420840994146985
v 10.069184193038806 51.420065753519516
v 10.066083607786194 51.42094426602342
v 10.045723101741034 51.43210649997443
v 10.041692338538217 51.43226149365502
v 10.039676952520502 51.43055610029262
v 10.037041458123678 51.42755892024318
v 10.032080518385923 51.424199932222926
v 10.017662793744849 51.41949737040431
v 10.011461627270178 51.416758590002445
v 10.000092804288581 51.408231868270875
v 9.949243202069153 51.38179947980166
v 9.914619992345504 51.397664135088846
v 9.905783323571427 51.40368445647674
v 9.905628294664723 51.40513140712103
v 9.905318229981953 51.41128081629682
v 9.904233029850296 51.41696528630441
v 9.901597522604863 51.41898054609689
v 9.897566765786046 51.41908397335768
v 9.894156115798452 51.41789534388569
v 9.891520628281675 51.41634519796561
v 9.8849577226697 51.411177548835596
v 9.88232221497555 51.41089321204544
v 9.869764841855385 51.41089321204544
v 9.865579053410443 51.410143939447266
v 9.86278852320806 51.408696956732335
v 9.861858353917778 51.40673334319397
v 9.861703327131927 51.40440793064188
v 9.862788527171588 51.401539824566626
v 9.863873736494181 51.399679535322846
v 9.865424021768154 51.39763820260844
v 9.867129347950586 51.395984622569
v 9.875500932825767 51.38471919775279
v 9.875500923999677 51.38172184402933
v 9.873175485164957 51.378879643276754
v 9.866044140079715 51.37335030205028
v 9.860928171010341 51.37205835072501
v 9.85643232261861 51.372110053628965
v 9.852401563322344 51.37428049282016
v 9.849145953950197 51.376502656704
v 9.844495068316773 51.38151517992
v 9.838914011346581 51.39045517615344
v 9.837208690257462 51.39360745644836
v 9.832816201622066 51.39758665009595
v 9.825994905139355 51.400893845672925
v 9.80801151434106 51.40725013950284
v 9.800725135690929 51.40885209058372
v 9.796384315858713 51.4083870018032
v 9.79591922690903 51.40673334319397
v 9.796384311895311 51.40430451009475
v 9.797314491542647 51.40223751508815
v 9.798399687192951 51.400583745214746
v 9.801655312652553 51.39719906931008
v 9.79870975580248 51.39453773041831
v 9.79204349451578 51.3903519181975
v 9.767962270914518 51.38564927899118
v 9.75586998959955 51.37916393985093
v 9.713650347939213 51.36379025526687
v 9.712565136430642 51.36260160368126
v 9.712565142289556 51.36110306810243
v 9.712720164212811 51.358829199064935
v 9.715355665114052 51.354333384402715
v 9.718921344852037 51.35069028419433
v 9.742847523719208 51.33464462686106
v 9.750754026814526 51.331337460354575
v 9.75447473001223 51.33087237440293
v 9.756955190647584 51.332138322477746
v 9.759435660496294 51.334282922702
v 9.76997765321273 51.34056160144438
v 9.775248656631366 51.34187945570889
v 9.779486123619218 51.34187945570889
v 9.7816565224872 51.340871619803096
v 9.783206818619604 51.33991564011785
v 9.78475711858083 51.33870134399916
v 9.784757116278607 51.33753859322084
v 9.78429203090421 51.335884982888295
v 9.782741737555448 51.33384375590461
v 9.77995120128091 51.33138899780873
v 9.77865929153296 51.3307430625613
v 9.77757408599982 51.32999374249268
v 9.776178826045049 51.32916696327457
v 9.774473504420941 51.32777172159912
v 9.77338829757133 51.32668648749326
v 9.772768182668447 51.32529126104251
v 9.772613158465168 51.3234309724274
v 9.772923206614271 51.32107955316458
v 9.77307824531352 51.31903845912517
v 9.769512563332487 51.31487840075407
v 9.7620711657317 51.30932328994851
v 9.7335457676815 51.29325182000599
v 9.725639277633997 51.29066805457478
v 9.722021925077334 51.290461317131
v 9.711479932338554 51.29152069236641
v 9.682644488177294 51.31495601366963
v 9.669466997197848 51.31955521180627
v 9.662283972257171 51.318935077496725
v 9.655927771063713 51.31950352086873
v 9.58626793388141 51.33945053660592
v 9.56936974039053 51.34234440801327
v 9.541257766875281 51.35831251322137
v 9.535521684166255 51.36373855426018
v 9.534746535201748 51.3665807213484
v 9.538157177581168 51.366218966293566
v 9.55350507759694 51.361929807426186
v 9.562548455018261 51.36063792117352
v 9.567044309075891 51.360612149125096
v 9.570920034048777 51.36138718618877
v 9.572160272396086 51.36399690321504
v 9.571230092799237 51.368389349080786
v 9.564563839391726 51.3767610202061
v 9.562858516950614 51.381360221013885
v 9.563633665539074 51.38446082517434
v 9.57200524675997 51.38970597123642
v 9.574640745797366 51.39195390585728
v 9.576966183333584 51.39526117533741
v 9.578981566519316 51.39758665009595
v 9.582082151758366 51.39882688182778
v 9.585957883992686 51.39856849314722
v 9.592934198299863 51.396966458669425
v 9.596809932410501 51.39701816725997
v 9.604251341326814 51.39882688182778
v 9.632518345481554 51.40094555516093
v 9.636239043377826 51.4037360103787
v 9.638564483086286 51.408696956732335
v 9.63468875504848 51.43401846070936
v 9.635308870868549 51.437739151154325
v 9.63654910961093 51.44166662184558
v 9.637014192847136 51.447402639366814
v 9.635308872649508 51.45127840100669
v 9.630968046385902 51.455386587310116
v 9.630037877918284 51.45840976396505
v 9.630968047123162 51.46073510771523
v 9.636549102252586 51.465024266502056
v 9.63871951179508 51.46802147561367
v 9.638254431762562 51.470295349441564
v 9.63561892995905 51.47205230031781
v 9.627867464757156 51.47417103597096
v 9.623061552463227 51.47732323519317
v 9.616395293142311 51.483782795163975
v 9.596809927043791 51.511584743112515
v 9.594794551824528 51.518199402502034
v 9.596809929429135 51.52057647608281
v 9.60595665739699 51.52109322094745
v 9.60967736732664 51.521971814991794
v 9.612519568981545 51.523677119419496
v 9.614534942977437 51.52739772912657
v 9.615620152769532 51.53305636907713
v 9.61593021174572 51.54398593114168
v 9.617170446800843 51.54982538907627
v 9.61965091366861 51.5524866878922
v 9.623061553255742 51.55225407310727
v 9.629727818188115 51.549566983397
v 9.632518346049876 51.54884351161007
v 9.636549102611383 51.54843003321284
v 9.641044956168276 51.54858510706298
v 9.644765659462896 51.550032051304015
v 9.64507571579239 51.55168566864067
v 9.635463896511567 51.562150107193084
v 9.63391360427763 51.566000020539086
v 9.633913610530328 51.56889398705259
v 9.635618927892306 51.57085760943013
v 9.63778934448556 51.57214960730897
v 9.63980472712778 51.572614722117734
v 9.641820097353822 51.57251122421783
v 9.643990509645192 51.57191697209671
v 9.668381791162124 51.560315691949455
v 9.67132734809775 51.559282178951165
v 9.677373490133597 51.5607807821714
v 9.686055133966555 51.57194292466888
v 9.666469755474372 51.58496524202146
v 9.659803500985891 51.595145572629
v 9.65716799851095 51.60393050862332
v 9.654377472559926 51.608167990931655
v 9.650811806006233 51.611216995204835
v 9.630968054957915 51.6172114537229
v 9.627402373755599 51.6202602687985
v 9.625386995518651 51.6240326819552
v 9.623371616109251 51.629458726183394
v 9.620891143610109 51.63111230571238
v 9.61624026507131 51.63064722545637
v 9.60502648848813 51.62746925513103
v 9.592624136099873 51.62573798251131
v 9.5853377666819 51.62599647625087
v 9.577121207705305 51.62708159026303
v 9.564718864317502 51.630388882707095
v 9.560223019636563 51.63379959408649
v 9.556192259411079 51.63821795818274
v 9.553039996040443 51.64000077952918
v 9.549319290945027 51.6402591334199
v 9.545753618435626 51.63930313168774
v 9.542653031426337 51.6377786669378
v 9.537537063913284 51.63416131082989
v 9.535211618331841 51.632145838241904
v 9.532576122852994 51.63028551441487
v 9.527925244998677 51.628786914133855
v 9.520948927373219 51.62808930138946
v 9.507771439672323 51.6283994033554
v 9.499554888109774 51.63010473730494
v 9.494387241670442 51.63209423187394
v 9.492061805361274 51.63426468091931
v 9.490821562285713 51.63679671573403
v 9.490356484717735 51.63963905330779
v 9.49020145271039 51.642636253495425
v 9.490511510254231 51.646021034754305
v 9.490356480709487 51.64930249033685
v 9.486945832632026 51.65328152732017
v 9.48291506776975 51.65467675636504
v 9.466792024716955 51.65501270117407
v 9.448498564703709 51.64403141584628
v 9.440075313606298 51.649044125957055
v 9.393721550095952 51.64005238772795
v 9.378787062890112 51.6403883104776
v 9.376151559260666 51.64211938411062
v 9.37444623705677 51.64439314919936
v 9.373050976006178 51.64726123223388
v 9.372430865422897 51.65098202250856
v 9.372430860526954 51.65625294873811
v 9.373206007323695 51.66144642362592
v 9.37475630298395 51.66501213978739
v 9.37692671689377 51.66744098233049
v 9.379717242901782 51.669146302463545
v 9.386383493066239 51.67178165230483
v 9.388760610954694 51.67415879624843
v 9.390000848655346 51.67775036829286
v 9.38767541124951 51.68490756434747
v 9.387210324647134 51.6894034343433
v 9.387985467737762 51.69302075020172
v 9.389845816952135 51.69508776959642
v 9.393101432865535 51.69756824955636
v 9.393566525607973 51.70061722710571
v 9.392946410481986 51.70526812874768
v 9.39000084562143 51.717256957395534
v 9.389535759395851 51.72392324303265
v 9.389845823177156 51.72940100824556
v 9.391086048551887 51.73384505487938
v 9.392326286760841 51.73534373798956
v 9.394186641115859 51.73671319807976
v 9.3963570452069 51.73787582987552
v 9.399302609783156 51.74025305618457
v 9.401317986758864 51.74268178360997
v 9.403023309042101 51.74542064657528
v 9.404418570755439 51.749761434380154
v 9.40534875162955 51.752138631879404
v 9.406588979773876 51.753223736444184
v 9.409534538545007 51.754722394297744
v 9.422557000823367 51.75963167298463
v 9.428138051881062 51.762732202670286
v 9.433719110717679 51.76720226817783
v 9.43666466198098 51.77045781962393
v 9.44601810328617 51.785082339100086
v 9.451909219429837 51.797768942939165
v 9.453149450770685 51.80577874766736
v 9.452064242699745 51.81608816084787
v 9.452839389011233 51.82097157067493
v 9.454544712975716 51.82407217968664
v 9.461676061300395 51.82861971418707
v 9.462141144140013 51.83011825803833
v 9.460900913953342 51.83166862148378
v 9.457645298483031 51.833063879657935
v 9.449428749904579 51.83505347613723
v 9.44415774751812 51.83523426405823
v 9.440540398277102 51.838489880791414
v 9.440075309197224 51.84076362870448
v 9.44162560256494 51.84303740011653
v 9.450979041720409 51.85053055585863
v 9.456095009350564 51.85574988404483
v 9.458420441790453 51.859263788046405
v 9.461210977263908 51.865361711876226
v 9.457955350811469 51.867428622883324
v 9.455164830001221 51.868203856506604
v 9.449738805990938 51.86706699424135
v 9.443382605038744 51.86499993008943
v 9.433098992847809 51.862571107600694
v 9.410309680672606 51.860348950313835
v 9.365609573583148 51.86148593435889
v 9.360183549806658 51.86096917962533
v 9.342510210423717 51.85624079718092
v 9.332123239555957 51.85476790452163
v 9.321994665717273 51.85626662650573
v 9.33615400508018 51.882259824024864
v 9.3383244122638 51.89342188954223
v 9.336464065316983 51.90091504258768
v 9.334603713950068 51.90577262396495
v 9.333208453464668 51.908098113299125
v 9.330727984530526 51.91125037135017
v 9.325870393683509 51.91610786873289
v 9.30215091692323 51.92323929352195
v 9.288973424845059 51.92373020114678
v 9.263186881877196 51.92112049560396
v 9.257295768643942 51.92132719141627
v 9.255280383753467 51.9223606734054
v 9.257760859349773 51.92422110987269
v 9.264892209918917 51.92840695400935
v 9.26923302877586 51.93145583855128
v 9.273108762847496 51.93548663249185
v 9.274710725382063 51.93750190071996
v 9.285872841760094 51.96496802703552
v 9.28726810343118 51.97047153406462
v 9.28602786457464 51.97277108540978
v 9.247528920550899 51.983648940215566
v 9.243343131309404 51.98375231768015
v 9.238227169202824 51.983390653400825
v 9.234041375896426 51.98258963729278
v 9.23016564323199 51.98116852229093
v 9.22784020411857 51.97987663607609
v 9.225979851501195 51.978274632615296
v 9.22427453263046 51.97625930140583
v 9.223654407811901 51.97496728764001
v 9.223344351653253 51.97352037913621
v 9.223654415306045 51.97140172018286
v 9.21915856322755 51.9703164773266
v 9.209960163199158 51.97160846355288
v 9.184535357669873 51.97935991505869
v 9.175388624200286 51.98318389886359
v 9.171047806960225 51.985974475121516
v 9.172598098612585 51.98716301833404
v 9.174768511118534 51.98845494772098
v 9.176318799549984 51.9900051791103
v 9.177093952371063 51.991503887574986
v 9.176938916305692 51.99393257529684
v 9.176628858625094 51.99563792028468
v 9.176783887882385 51.99672313253164
v 9.17740400452643 51.99767912002698
v 9.178799265481203 51.99860926558175
v 9.184845416024295 52.00096064990092
v 9.190426464668615 52.00406114502454
v 9.193216998072566 52.00623165885962
v 9.196007520171657 52.00917714464949
v 9.197092726048911 52.01093414754349
v 9.197867874928837 52.01315626896362
v 9.198798053752753 52.01695452776759
v 9.19786786763299 52.01935733745278
v 9.1856205606634 52.03728917038591
v 9.177404010233582 52.05325720425231
v 9.17662885959934 52.05677115344114
v 9.176938913806842 52.05881230035488
v 9.177714058291972 52.0603884167214
v 9.18825605568221 52.07217071541425
v 9.189806344040365 52.07496118039872
v 9.189496289603197 52.079017823381555
v 9.188256060164756 52.08503821080773
v 9.177093946173077 52.09485666369617
v 9.149292023702602 52.10219470196275
v 9.140920440696034 52.10767237807519
v 9.140145294671784 52.1101786899447
v 9.140300324752713 52.11247830991313
v 9.141695589095551 52.11547554774717
v 9.145106234229283 52.121159975745535
v 9.14634646540185 52.12588830995936
v 9.142935829620217 52.128989023626445
v 9.135494423854691 52.131908747572204
v 9.06397423693035 52.13803233371096
v 9.043768754079636 52.136404553843434
v 9.030901323848457 52.137102217068225
v 9.015553418713 52.13586191103299
v 9.003616167243226 52.133407339266476
v 8.998810257054076 52.13320059851188
v 8.996484820990307 52.13410499281075
v 8.997414987281678 52.13712792296813
v 9.001600780085377 52.142553973999625
v 9.003461132935442 52.144362687978095
v 9.005786578961382 52.14699827424022
v 9.007336870157722 52.14947870788267
v 9.007801957863537 52.152579290026836
v 9.007491898200362 52.155938252043256
v 9.00594160463619 52.161028367387225
v 9.004236285841873 52.16446490196933
v 8.994314410438651 52.1779524422918
v 8.988061562303152 52.188494428274154
v 9.019429151963223 52.194075421183385
v 9.041753368643654 52.19288683959131
v 9.04593916129159 52.194075421183385
v 9.047644488175653 52.196194220162084
v 9.04578412769553 52.20443647451335
v 9.042838572594341 52.21025009646434
v 9.040823199371983 52.21301490688536
v 9.039117868766068 52.21603784669524
v 9.038497759045685 52.21862178128158
v 9.041908404135764 52.2237894300574
v 9.04857465642727 52.22763921788922
v 9.070485464627188 52.236915152029994
v 9.072655879659507 52.23918899550565
v 9.070795525198315 52.24024830115715
v 9.066299675533712 52.24146270625278
v 9.044078813273329 52.244666704955215
v 9.010902536176095 52.25409753751788
v 8.992712437019518 52.256862285333476
v 8.989611846881717 52.258283331592835
v 8.986666292398251 52.260479612325746
v 8.983255645292447 52.264975439687944
v 8.982480500427775 52.26792100585578
v 8.982790557051239 52.27011722852764
v 8.984960972748189 52.273657142074136
v 8.986976354651713 52.27947075753313
v 8.989146760510303 52.288384877186566
v 8.993332553908633 52.31603180217812
v 8.995089551066549 52.32249134004385
v 9.00113569789311 52.33287837170153
v 9.004236280619896 52.33654734603561
v 9.007801957520645 52.33923455755203
v 9.01260785989172 52.34060390628677
v 9.018033892159577 52.34106909149064
v 9.041133256229735 52.33923455755203
v 9.049194777375636 52.33980297427426
v 9.057618034128994 52.344324631854754
v 9.062889035331613 52.34615920958026
v 9.073896111944585 52.34874298953585
v 9.077926877845469 52.352412079917464
v 9.095445186463644 52.37571812372476
v 9.12836307196666 52.408455114894295
v 9.110844764099022 52.44207067121829
v 9.109759554348177 52.446256390820565
v 9.108984404497738 52.451527350645435
v 9.111309852309729 52.45338781305562
v 9.117355995056954 52.456230025874895
v 9.121076697137289 52.457573599271065
v 9.126037631552297 52.46062245464391
v 9.130223420438272 52.4645498318633
v 9.134564238869848 52.47183619028329
v 9.13409915047735 52.47488509412151
v 9.131618682866353 52.47674544784672
v 9.12371218837644 52.47767563084498
v 9.119836460069159 52.47850251594232
v 9.115960731961133 52.48000118473601
v 9.112705116945405 52.4816031676061
v 9.110534700417272 52.48297249265116
v 9.096685420333971 52.49545241056293
v 9.090949329186616 52.497441848769654
v 9.085678339025439 52.49819124898375
v 9.081182485882902 52.49757106634161
v 9.025630326662148 52.47956191323094
v 8.999120309770358 52.46276697755865
v 8.993952666348324 52.45842615038105
v 8.984030796409751 52.44475780391689
v 8.969303014589373 52.4163357894537
v 8.966667519272088 52.41313188086378
v 8.963876984599787 52.410625476817664
v 8.96124148692938 52.40907519361753
v 8.894372188180052 52.399954364928355
v 8.88801598934219 52.39757727295213
v 8.859128858206681 52.39104013245611
v 8.826727740358663 52.38879229142566
v 8.723994993083412 52.39561356738907
v 8.712781201984857 52.397396328173954
v 8.711075877052265 52.3986106855871
v 8.708595410531009 52.40093615702726
v 8.707510202860478 52.403364919248546
v 8.706735056973152 52.40729233484371
v 8.706580034936822 52.412150032398095
v 8.707200149553653 52.417653527426246
v 8.710300735531314 52.42878980726448
v 8.710610793139958 52.43209707460305
v 8.709525590885802 52.43460341832769
v 8.706269970637681 52.439254233570814
v 8.704719682302175 52.442535764532806
v 8.704254588756028 52.446773136556885
v 8.70440962563732 52.451579152027
v 8.706735058617005 52.46106168683411
v 8.707200150330548 52.464704931635765
v 8.706580031258081 52.47111278656362
v 8.703634472930371 52.48015613884059
v 8.67619428871286 52.51100698514854
v 8.667512645763082 52.514934356494386
v 8.659606155402583 52.519843673463946
v 8.642811313296717 52.524055272273685
v 8.636610144407108 52.524184506138425
v 8.632114288398054 52.52392603848811
v 8.582608266029395 52.509120736058385
v 8.566485219101272 52.50713118783393
v 8.516979205162032 52.508113162808606
v 8.496670362897794 52.506511135953104
v 8.49186445705141 52.50322971165845
v 8.48111575205631 52.49803612464832
v 8.472124053269317 52.494573804246016
v 8.465767859293905 52.49131831393754
v 8.463907501005032 52.48976791117643
v 8.462667273441077 52.488114370101485
v 8.461737093927564 52.48615061062602
v 8.453985627289857 52.46150091993553
v 8.452125275395307 52.45798692365785
v 8.448094511777024 52.454627921105626
v 8.441118202368937 52.451062394569405
v 8.423703239924498 52.44599801842491
v 8.366910843832088 52.44139885412484
v 8.358384226030308 52.44281987536204
v 8.350632761988251 52.445326188882795
v 8.346602002901054 52.44599801842491
v 8.32381269789825 52.44594637537755
v 8.301436804080922 52.451114038863714
v 8.32133223065419 52.41023798342841
v 8.32644819079411 52.40486352772579
v 8.333889601620845 52.398352371190924
v 8.398898556578615 52.379593872531295
v 8.427734003094603 52.366778074940335
v 8.435072056141765 52.361455398310405
v 8.440963170483762 52.353755624513646
v 8.449644805697126 52.338097571761516
v 8.456001012678243 52.32130283064983
v 8.460186800105093 52.304197875754106
v 8.460961946020715 52.28657620566299
v 8.45879153576508 52.25009264498332
v 8.460961952022396 52.214332645637086
v 8.463907507120561 52.20477248058646
v 8.465612830730176 52.203790648168926
v 8.486851836338218 52.195057209266494
v 8.497600535120776 52.18919194648677
v 8.49837568436136 52.186840712398116
v 8.497135455928053 52.18343015948591
v 8.491864452355534 52.17619533801703
v 8.48623172505135 52.17004589942207
v 8.48096072960599 52.16529167245386
v 8.475844766265102 52.16167437903679
v 8.466077918573497 52.15671341660916
v 8.426028679627514 52.14097788625401
v 8.421687859194472 52.137851451259394
v 8.418277215885237 52.13371737239894
v 8.410215690199495 52.118782838829645
v 8.407890247224849 52.115604691327256
v 8.40587487289002 52.114235365812625
v 8.400758900330311 52.11242659052838
v 8.393627561206415 52.11126400471235
v 8.266865264579662 52.133613923478165
v 8.234722532860522 52.116147440007495
v 8.217669300174226 52.1033315371661
v 8.211468129354863 52.09666529213891
v 8.19901411146401 52.08953398337121
v 8.181030711126917 52.083074385581625
v 8.110440710436999 52.06653802803878
v 8.074577268535485 52.07470294178981
v 8.038248731968618 52.070723786960244
v 8.02290082959767 52.066150371901244
v 7.97944095224826 52.04038971329281
v 7.973859897072924 52.03845182962368
v 7.969829137032433 52.03852938223992
v 7.965178253405329 52.041216479982026
v 7.947814972587647 52.04728846250794
v 7.919702994446006 52.05310208853021
v 7.914742062299392 52.05465246732038
v 7.912416622785329 52.056021886395776
v 7.904200065335837 52.07188646858171
v 7.90016930658879 52.07816521377153
v 7.891642693778305 52.089766539378516
v 7.893192990826474 52.09516679828621
v 7.904665152595757 52.10296983047356
v 7.922183463983046 52.11154814650324
v 7.947194861496102 52.11870541422552
v 7.966573518107016 52.12146999130825
v 7.979440952469122 52.121883450571595
v 7.9901896459326585 52.123226963538904
v 7.994375437623147 52.127826192011526
v 7.99685590774787 52.13348476913755
v 7.99716597094544 52.13841996186643
v 8.003522172132055 52.15087396433451
v 8.013909129161059 52.16405136115307
v 8.017319778270647 52.17004589942207
v 8.01747480549879 52.17412831318941
v 8.01375410367148 52.175962845725095
v 8.008483104624457 52.17771979133095
v 7.990499709840728 52.18175061450311
v 7.978200715457785 52.18224147988439
v 7.960217315055507 52.18004521482433
v 7.947504916045564 52.17981271837766
v 7.942543980546367 52.18146638028564
v 7.938668251351819 52.184101949790985
v 7.93680789801005 52.190458114788946
v 7.934327426615303 52.1948505661774
v 7.9330871932584905 52.195264009339596
v 7.924043816958425 52.196400864541395
v 7.914742062799667 52.196710988269075
v 7.907765740171298 52.198312883214996
v 7.903579951716121 52.20037998344343
v 7.900634397370182 52.20492754842856
v 7.900789424313703 52.207873074698774
v 7.904200063973421 52.21146448876843
v 7.917377553144007 52.22006860378441
v 7.9232686708425115 52.226424890983424
v 7.925439084096252 52.23035234756788
v 7.925594113167625 52.2334012487401
v 7.924198848300349 52.236191761221725
v 7.91861778786611 52.24285793195433
v 7.916447384345812 52.24704382031934
v 7.9161373235884 52.249162514414515
v 7.916292355122414 52.25068701480023
v 7.920013057629198 52.2542785177071
v 7.938203161760631 52.26585403944737
v 7.94424930145481 52.27135752476398
v 7.946264686455754 52.27427729954401
v 7.946419710531369 52.276990235111704
v 7.94083866029298 52.283269000455405
v 7.934792516940359 52.28861749124115
v 7.932777136475697 52.29117547825421
v 7.931381868604831 52.29386258965383
v 7.929211459560878 52.29990875295184
v 7.929676545844615 52.303009311253675
v 7.932157019834378 52.30533483792362
v 7.935877717279233 52.30636827401638
v 7.966418492652447 52.3091071861927
v 7.969984160017172 52.31003726349457
v 7.973549835735516 52.31210434302846
v 7.972774693542737 52.3146365701643
v 7.9704492527629025 52.31753042391323
v 7.960682410741743 52.32667721738889
v 7.942233921291699 52.34760610994586
v 7.928746372606885 52.359879270107356
v 7.920013056631294 52.36491774338336
v 7.911021354563144 52.37132556819893
v 7.905750356608206 52.37726832062556
v 7.899704220064383 52.378456985175355
v 7.894898312736959 52.37861202204441
v 7.829269241233362 52.36272148724171
v 7.822602980712252 52.36326407667192
v 7.816195101288932 52.36512439378381
v 7.805188021783459 52.37370268064249
v 7.801777380082927 52.37579564114751
v 7.7341329326936465 52.40191811059938
v 7.709793332158933 52.4073441254245
v 7.70560753368272 52.40997949795188
v 7.702920366039606 52.413338578122136
v 7.694393749678638 52.447754988321755
v 7.692068309705636 52.453284366395714
v 7.688657666939491 52.4579352776877
v 7.6854020515653785 52.4597956394083
v 7.680596142442669 52.46201770286424
v 7.609075965665758 52.47555701746135
v 7.605510289836106 52.475608667731656
v 7.601169467206034 52.474471736734664
v 7.598844028031244 52.47292145749
v 7.594038115805004 52.468322179413676
v 7.581894157550536 52.436386192620084
v 7.583134390947875 52.43282050206243
v 7.586234978138252 52.42754953644725
v 7.593883092405083 52.42517244945724
v 7.6007043778454895 52.41964301964354
v 7.602564728997084 52.41721422821041
v 7.602099642413655 52.415405561772225
v 7.595123326302733 52.41395867110438
v 7.590575802719158 52.41031551343836
v 7.587010126392642 52.40476026166482
v 7.5808089578341145 52.3904201063527
v 7.575692984088376 52.38292689407556
v 7.574762808434098 52.383004414124514
v 7.573057491542777 52.38207433232364
v 7.570577019082894 52.380162240026614
v 7.565771110465088 52.37514961118142
v 7.56158531763441 52.37184228858124
v 7.560500117879173 52.37158400669071
v 7.558484737049839 52.37142897494091
v 7.539726188363125 52.37339261416984
v 7.533318313337095 52.373496021915926
v 7.519055613672955 52.37184228858124
v 7.513629592968543 52.370033694273225
v 7.4673791861210095 52.346391729666465
v 7.4164778952579775 52.31396468464561
v 7.409036495392511 52.310554149155784
v 7.3983394737816575 52.30732437940513
v 7.3726046076685865 52.30393951888578
v 7.368108756828814 52.302647582363605
v 7.363251176155454 52.30058059428453
v 7.348523391276607 52.29210563441346
v 7.3005676641659845 52.27179683728023
v 7.259174842645198 52.266164106663055
v 7.121508822355017 52.26265003782351
v 7.115772737731526 52.25975614204388
v 7.108486363605797 52.255001969503965
v 7.09437869380327 52.24869737223038
v 7.05308922600648 52.23792285375948
v 7.026682571134014 52.238620532378384
v 7.026600153794354 52.23862272781928
v 7.020738970198287 52.24526168702624
v 7.011850624388976 52.26662991409753
v 7.012470740976935 52.284949182932195
v 7.019705445817494 52.300038791653485
v 7.039755899390627 52.32861581375786
v 7.048230835431762 52.36507355494234
v 7.034174847112106 52.39078261190359
v 6.973300008667111 52.45137320236671
v 6.966995485345891 52.449564558537794
v 6.960794310021905 52.442846559824126
v 6.951492552515396 52.437472219981444
v 6.926481160112023 52.43297636341114
v 6.900229534555273 52.43191704216027
v 6.872014200231184 52.43473338234966
v 6.820337772092251 52.44682572162805
v 6.741169470470761 52.45367272331331
v 6.714814497203658 52.46155350866315
v 6.6950740978132925 52.475609452690286
v 6.688976277077371 52.490518069188376
v 6.687529334278904 52.508139698492506
v 6.684015339356873 52.525993945588915
v 6.671716352265022 52.54167781807447
v 6.688252805354985 52.542582061297544
v 6.74375329698093 52.55971284873495
v 6.710990440861323 52.576636916886166
v 6.703962446002747 52.583070634647
v 6.703652380670628 52.591390419094346
v 6.7081999143477775 52.599684614192995
v 6.710163613605673 52.60865038527808
v 6.701792034751804 52.619114941781106
v 6.719083151714715 52.62675903392189
v 6.737035367335348 52.63469547288794
v 6.770521679135178 52.64102554678669
v 6.865399623028887 52.64195598479561
v 6.918419632825219 52.63218894846441
v 6.967718953539469 52.636659047944065
v 6.982808478770053 52.63278344797187
v 7.0184652161531265 52.62598796667085
v 7.0366553138319015 52.647381893931104
v 7.043993370636288 52.6826252902142
v 7.053295125757195 52.790577304718155
v 7.061976769028028 52.82401199673579
v 7.07215075908986 52.841316553618924
v 7.079856813539448 52.85442355072727
v 7.161918989198013 52.93263586079429
v 7.183623092363062 52.96612220816541
v 7.192821491774796 52.99800646837913
v 7.194371792725181 53.03384421449988
v 7.185070031723164 53.10544187613633
v 7.181349316107955 53.11417497204959
v 7.176491738925495 53.11939441107124
v 7.17266768817094 53.12575070449363
v 7.17194420606186 53.13771358516139
v 7.1744246806391985 53.1457752250411
v 7.18858401662812 53.16778926100711
v 7.195405321722442 53.18499779638355
v 7.198505903421608 53.20057816492889
v 7.197472367392358 53.216623573834696
v 7.194590682542959 53.24502172900479
v 7.204437690353904 53.248276986340464
v 7.215830932132231 53.25560142839906
v 7.224619987014186 53.262925505828896
v 7.233571802084407 53.27362686496441
v 7.236989785221729 53.28554931172328
v 7.229502800545888 53.296576248489394
v 7.254730662220773 53.319525409882075
v 7.268321168557403 53.32367599585629
v 7.291514520847584 53.323920020819926
v 7.31316166093413 53.32050212191287
v 7.347666865125073 53.30735915333874
v 7.366547076712518 53.30280192245056
v 7.342539908504056 53.32404203341278
v 7.3029077565044815 53.332749888204205
v 7.0752059260289695 53.33759188225449
v 7.038259309123514 53.348578158543425
v 7.023610874406895 53.37641024811264
v 7.0232853484058415 53.450506838989
v 7.027679875515981 53.46735245507823
v 7.047048377176887 53.4977074980262
v 7.051442899052748 53.5125998967108
v 7.059743684481027 53.521714558146975
v 7.079356309690796 53.521551713773746
v 7.119639524275495 53.51630289448904
v 7.125010618340486 53.52435953553437
v 7.134532105855548 53.52741135487707
v 7.141774938036474 53.53717686056904
v 7.13998457330107 53.54979079718438
v 7.131114137249554 53.5569523602148
v 7.101898641089768 53.56574140241589
v 7.0888777919219566 53.573716397013314
v 7.086761921148304 53.586859550053674
v 7.100922067844146 53.59788640466503
v 7.133148642027309 53.611273645053224
v 7.169444214099118 53.63548424013918
v 7.1889754497151594 53.643499941010994
v 7.226084836143038 53.66649004723182
v 7.305023639424039 53.68480061519732
v 7.458832227839689 53.695135822973185
v 7.469574411304986 53.690741216585614
v 7.480235214439071 53.682033470476895
v 7.503916853515276 53.67865616001991
v 7.651377802934829 53.696966911609074
v 7.95142662832612 53.72190988748722
v 8.03142338309972 53.708075418036536
v 8.031423363366265 53.700628824127264
v 8.02491296685103 53.672552954483706
v 8.052907752235315 53.636297984403285
v 8.09408612777376 53.604722302245655
v 8.127614778304325 53.590765666017916
v 8.127614788121907 53.584621610468545
v 8.119151241338074 53.57192622522866
v 8.134613485551535 53.567450393009416
v 8.156748885217109 53.563665948793165
v 8.167979370067146 53.55320883387372
v 8.164886924638855 53.53522384726773
v 8.155446813449286 53.526027773475235
v 8.133799681026957 53.51630289448904
v 8.115733267051988 53.51072822703247
v 8.076345244911293 53.50861232425091
v 8.058767118696034 53.502020508305286
v 8.076996281208684 53.468695243934505
v 8.086192251390393 53.45612209663954
v 8.099782754503646 53.44741455544122
v 8.112478062726773 53.451076591622716
v 8.123871282903664 53.45400614275124
v 8.140635621782398 53.45359948592665
v 8.152354371913091 53.44977461775425
v 8.17139733897327 53.436590993786226
v 8.178558781734168 53.43374245351705
v 8.186696805635185 53.42951072697873
v 8.194834828833862 53.420111346626605
v 8.205332886317386 53.41071209268383
v 8.219737175991721 53.40643953511079
v 8.236501497830188 53.406724348416866
v 8.248708523662959 53.40839254877894
v 8.259450720543285 53.41229894872326
v 8.27173912556793 53.41950099205024
v 8.292816592815798 53.440496998430085
v 8.315114775928315 53.474920904797976
v 8.32048586720417 53.50922263603209
v 8.291514516765393 53.52936429137222
v 8.25220788300211 53.5230981095216
v 8.2312117795166 53.52521385086891
v 8.23316491468852 53.53986244302865
v 8.24170983263261 53.55630118356783
v 8.248871281251478 53.59027727892093
v 8.257334828954288 53.60443752108443
v 8.270681192940813 53.61286052343661
v 8.287608267283659 53.61688871322919
v 8.329356311439474 53.618109373871704
v 8.348480672006122 53.61286052343661
v 8.363291853298893 53.60057186258919
v 8.375498903585354 53.58690027453772
v 8.387705926579962 53.5771345304664
v 8.428070511487784 53.56476475278824
v 8.513438339821436 53.554754844874466
v 8.55209393616895 53.54360571763211
v 8.552093952137115 53.53620035151773
v 8.528168155218717 53.52391170786966
v 8.506195507367947 53.50796130604364
v 8.49000084862074 53.486395598849654
v 8.48389732351971 53.45734271599848
v 8.485036661293387 53.401190589916716
v 8.490896031056762 53.37645092960315
v 8.504405145427059 53.35805900704909
v 8.507334834356284 53.3827986047167
v 8.496755413039455 53.44525799836749
v 8.49756919977311 53.47475809870336
v 8.512868679894362 53.49648663141822
v 8.535817913876857 53.50617109585001
v 8.556651244240411 53.51821532702689
v 8.557203427938987 53.51994095026019
v 8.560904165168747 53.51570013491083
v 8.572996463253194 53.50185105332795
v 8.578267439779273 53.499241086231976
v 8.585553837154228 53.50032659613696
v 8.587414169150613 53.500352156179886
v 8.587879276224834 53.50032659613696
v 8.588344348759843 53.500171342613285
v 8.595010607754698 53.492187309394474
v 8.597491072968767 53.4905853031971
v 8.599506458736878 53.4897327142534
v 8.601056756973044 53.490017015342296
v 8.602813757406235 53.49048212143943
v 8.623587684739435 53.50221268367768
v 8.639090620501436 53.516656345981644
v 8.640640907364975 53.51988603809773
v 8.64188113829527 53.525312001111146
v 8.642656287661854 53.53190080202882
v 8.641881145850325 53.5393164232044
v 8.635214874159466 53.55988347070708
v 8.631494166677292 53.567531518344744
v 8.623587690249918 53.57709191392164
v 8.621107203959784 53.58225931572656
v 8.620177044192166 53.58760806109431
v 8.621727322231783 53.591483568824636
v 8.622967560672533 53.59398993504993
v 8.625293003886615 53.59680635950233
v 8.62823855530869 53.599364254440005
v 8.631804234496725 53.60199984900392
v 8.630874064300164 53.60396362340886
v 8.625292997391679 53.60499698069426
v 8.584313595313565 53.60393773429475
v 8.562454454468137 53.60626303226719
v 8.513413528773848 53.617011852476224
v 8.513037638610463 53.6170967870272
v 8.50831138408643 53.62514868505224
v 8.501231317790792 53.64419182518842
v 8.48707115992962 53.66693756596857
v 8.483897334576548 53.68357985771099
v 8.486094588610769 53.70042540030341
v 8.49219810464645 53.71515521896838
v 8.529633019572943 53.77069748651227
v 8.556162961042894 53.83095943541031
v 8.573252806389364 53.857652177053495
v 8.587575707031997 53.87042863468013
v 8.607106967871195 53.881537189492676
v 8.629242380965215 53.889390323600665
v 8.65186608867184 53.892482910150036
v 8.672699403941193 53.8915874746573
v 8.684580927429268 53.88849521851767
v 8.70915774287211 53.87197492930354
v 8.744639513621893 53.85415266002431
v 8.782481323346227 53.84247478036549
v 8.860687706284466 53.83100021048147
v 8.903575072754917 53.83173258278317
v 8.976247593227422 53.842434002897264
v 9.016286657102608 53.840521580819164
v 9.035004096994294 53.853583006556725
v 9.114512576318992 53.865139204809445
v 9.193614134688758 53.864691549412996
v 9.210703966576837 53.87197492930354
v 9.224294466591232 53.86591217152708
v 9.24073327986134 53.864162647151815
v 9.274668826500314 53.865139204809445
v 9.28337650953859 53.861639869506604
v 9.305349165922028 53.84455001703584
v 9.402679876777677 53.74241761478975
v 9.44288169680261 53.71430071402719
v 9.470957867639557 53.700628824127264
v 9.484711133589409 53.690090230624726
v 9.498383017781125 53.65985760388228
v 9.567067898231523 53.59959535691948
v 9.582367392903505 53.59129477970761
v 9.600922069243763 53.58633044821597
v 9.624766481618044 53.584621610468545
v 9.637217642455933 53.581000047040305
v 9.696625189684333 53.55662661380138
v 9.763971787214775 53.54767952847107
v 9.764706650162946 53.54376037383461
v 9.768427358510547 53.50815538056506
v 9.777264022907307 53.5023158715158
v 9.779331098906157 53.50009403145257
v 9.780726363805977 53.49658003423357
v 9.782431679134126 53.49430619301272
v 9.785222198235427 53.492445739413185
v 9.791423377421811 53.48981033692998
v 9.793748820656333 53.4877949969982
v 9.796074251952998 53.4842809012938
v 9.800725143321522 53.47523768292903
v 9.80475590521179 53.469191535431655
v 9.810647004726695 53.46237008070712
v 9.816693137825323 53.45694393955827
v 9.824444620625933 53.451414784431435
v 9.857207481219703 53.432862978857585
v 9.861238239145134 53.43224280644307
v 9.86511397394737 53.433405552436824
v 9.877516318870713 53.444774385123594
v 9.882787317915039 53.447229057808215
v 9.890848836438177 53.449037667082266
v 9.895706408711002 53.448649948835566
v 9.90004723907125 53.446608840783554
v 9.905473268018877 53.441234548504205
v 9.908108761696017 53.430795850109995
v 9.90872886571508 53.42154560835704
v 9.909348998147253 53.418083462562905
v 9.912914668606875 53.415602967848635
v 9.918960811623709 53.415602967848635
v 9.938804553250222 53.42188154315028
v 9.945005729938586 53.42283761981533
v 9.950018350035844 53.42201087031035
v 9.968466841896385 53.41446618985935
v 9.975288123027175 53.41405267427436
v 9.985365032772991 53.415060442586096
v 10.011306604949379 53.42149419303474
v 10.027894720854981 53.427488425501416
v 10.030375187095569 53.4291937059749
v 10.030840295704342 53.43115766707264
v 10.030685258322093 53.43306959827365
v 10.030065143188411 53.43451657107282
v 10.029600044380867 53.436635157520996
v 10.029445022321749 53.43839225117652
v 10.032390588009317 53.44097618484493
v 10.038746783092991 53.443094839811415
v 10.076005474951375 53.4504327018611
v 10.08313684122471 53.450898031098504
v 10.09910485116219 53.43947742984442
v 10.111197137803021 53.43389639352554
v 10.131402633164202 53.43058923304508
v 10.143081507403569 53.422682742024776
v 10.153571806217439 53.413639159544225
v 10.169849878512741 53.40661111694321
v 10.186541369874229 53.40438908051558
v 10.241576766931198 53.40661111694321
v 10.243747194492977 53.40940186563943
v 10.266071413099612 53.42707519842399
v 10.275993283686002 53.430795850109995
v 10.28534670472852 53.432656044206205
f 948 949 950 951 952 953 954 955 956 957 958 959 960 961 962 963 964 965 966 967 968 969 970 971 972 973 974 975 976 977 978 979 980 981 982 983 984 985 986 987 988 989 990 991 992 993 994 995 996 997 998 999 1000 1001 1002 1003 1004 1005 1006 1007 1008 1009 1010 1011 1012 1013 1014 1015 1016 1017 1018 1019 1020 1021 1022 1023 1024 1025 1026 1027 1028 1029 1030 1031 1032 1033 1034 1035 1036 1037 1038 1039 1040 1041 1042 1043 1044 1045 1046 1047 1048 1049 1050 1051 1052 1053 1054 1055 1056 1057 1058 1059 1060 1061 1062 1063 1064 1065 1066 1067 1068 1069 1070 1071 1072 1073 1074 1075 1076 1077 1078 1079 1080 1081 1082 1083 1084 1085 1086 1087 1088 1089 1090 1091 1092 1093 1094 1095 1096 1097 1098 1099 1100 1101 1102 1103 1104 1105 1106 1107 1108 1109 1110 1111 1112 1113 1114 1115 1116 1117 1118 1119 1120 1121 1122 1123 1124 1125 1126 1127 1128 1129 1130 1131 1132 1133 1134 1135 1136 1137 1138 1139 1140 1141 1142 1143 1144 1145 1146 1147 1148 1149 1150 1151 1152 1153 1154 1155 1156 1157 1158 1159 1160 1161 1162 1163 1164 1165 1166 1167 1168 1169 1170 1171 1172 1173 1174 1175 1176 1177 1178 1179 1180 1181 1182 1183 1184 1185 1186 1187 1188 1189 1190 1191 1192 1193 1194 1195 1196 1197 1198 1199 1200 1201 1202 1203 1204 1205 1206 1207 1208 1209 1210 1211 1212 1213 1214 1215 1216 1217 1218 1219 1220 1221 1222 1223 1224 1225 1226 1227 1228 1229 1230 1231 1232 1233 1234 1235 1236 1237 1238 1239 1240 1241 1242 1243 1244 1245 1246 1247 1248 1249 1250 1251 1252 1253 1254 1255 1256 1257 1258 1259 1260 1261 1262 1263 1264 1265 1266 1267 1268 1269 1270 1271 1272 1273 1274 1275 1276 1277 1278 1279 1280 1281 1282 1283 1284 1285 1286 1287 1288 1289 1290 1291 1292 1293 1294 1295 1296 1297 1298 1299 1300 1301 1302 1303 1304 1305 1306 1307 1308 1309 1310 1311 1312 1313 1314 1315 1316 1317 1318 1319 1320 1321 1322 1323 1324 1325 1326 1327 1328 1329 1330 1331 1332 1333 1334 1335 1336 1337 1338 1339 1340 1341 1342 1343 1344 1345 1346 1347 1348 1349 1350 1351 1352 1353 1354 1355 1356 1357 1358 1359 1360 1361 1362 1363 1364 1365 1366 1367 1368 1369 1370 1371 1372 1373 1374 1375 1376 1377 1378 1379 1380 1381 1382 1383 1384 1385 1386 1387 1388 1389 1390 1391 1392 1393 1394 1395 1396 1397 1398 1399 1400 1401 1402 1403 1404 1405 1406 1407 1408 1409 1410 1411 1412 1413 1414 1415 1416 1417 1418 1419 1420 1421 1422 1423 1424 1425 1426 1427 1428 1429 1430 1431 1432 1433 1434 1435 1436 1437 1438 1439 1440 1441 1442 1443 1444 1445 1446 1447 1448 1449 1450 1451 1452 1453 1454 1455 1456 1457 1458 1459 1460 1461 1462 1463 1464 1465 1466 1467 1468 1469 1470 1471 1472 1473 1474 1475 1476 1477 1478 1479 1480 1481 1482 1483 1484 1485 1486 1487 1488 1489 1490 1491 1492 1493 1494 1495 1496 1497 1498 1499 1500 1501 1502 1503 1504 1505 1506 1507 1508 1509 1510 1511 1512 1513 1514 1515 1516 1517 1518 1519 1520 1521 1522 1523 1524 1525 1526 1527 1528 1529 1530 1531 1532 1533 1534 1535 1536 1537 1538 1539 1540 1541 1542 1543 1544 1545 1546 1547 1548 1549 1550 1551 1552 1553 1554 1555 1556 1557 1558 1559 1560 1561 1562 1563 1564 1565 1566 1567 1568 1569 1570 1571 1572 1573 1574 1575 1576 1577 1578 1579 1580 1581 1582 1583 1584 1585 1586 1587 1588 1589 1590 1591 1592 1593 1594 1595 1596 1597 1598 1599 1600 1601 1602 1603 1604 1605 1606 1607 1608 1609 1610 1611 1612 1613 1614 1615 1616 1617 1618 1619 1620 1621 1622 1623 1624 1625 1626 1627 1628 1629 1630 1631 1632 1633 1634 1635 1636 1637 1638 1639 1640 1641 1642 1643 1644 1645 1646 1647 1648 1649 1650 1651 1652 1653 1654 1655 1656 1657 1658 1659 1660 1661 1662 1663 1664 1665 1666 1667 1668 1669 1670 1671 1672 1673 1674 1675 1676 1677 1678 1679 1680 1681 1682 1683 1684 1685 1686 1687 1688 1689 1690 1691 1692 1693 1694 1695 1696 1697 1698 1699 1700 1701 1702 1703 1704 1705 1706 1707 1708 1709 1710 1711 1712 1713 1714 1715 1716 1717 1718 1719 1720 1721 1722 1723 1724 1725 1726 1727 1728 1729 1730 1731 1732 1733 1734 1735 1736 1737 1738 1739 1740 1741 1742 1743 1744 1745 1746 1747 1748 1749 1750 1751 1752 1753 1754 1755 1756 1757 1758 1759 1760 1761 1762 1763 1764 1765 1766 1767 1768 1769 1770 1771 1772 1773 1774 1775 1776 1777 1778 1779 1780 1781 1782 1783 1784 1785 1786 1787 1788 1789 1790 1791 1792 1793 1794 1795 1796 1797 1798 1799 1800 1801 1802 1803 1804 1805 1806 1807 1808 1809 1810 1811 1812 1813 1814 1815 1816 1817 1818 1819 1820 1821 1822 1823 1824 1825 1826 1827 1828 1829 1830 1831 1832 1833 1834 1835 1836 1837 1838 1839 1840 1841 1842 1843 1844 1845 1846 1847 1848 1849 1850 1851 1852 1853 1854 1855 1856 1857 1858 1859 1860 1861 1862 1863 1864 1865 1866 1867 1868 1869 1870 1871 1872 1873 1874 1875 1876 1877 1878 1879 1880 1881 1882 1883 1884 1885 1886 1887 1888 1889 1890 1891 1892 1893 1894 1895 1896 1897 1898 1899 1900 1901 1902 1903 1904 1905 1906 1907 1908 1909 1910 1911 1912 1913 1914 1915 1916 1917 1918 1919 1920 1921 1922 1923 1924 1925 1926 1927 1928 1929 1930 1931 1932 1933 1934 1935 1936 1937 1938 1939 1940 1941 1942 1943 1944 1945 1946 1947 1948 1949 1950 1951 1952 1953 1954 1955 1956 1957 1958 1959 1960 1961 1962 1963 1964 1965 1966 1967 1968 1969 1970 1971 1972 1973 1974 1975 1976 1977 1978 1979 1980 1981 1982 1983 1984 1985 1986 1987 1988 1989 1990 1991 1992 1993 1994 1995 1996 1997 1998 1999 2000 2001 2002 2003 2004 2005 2006 2007 2008 2009 2010 2011 2012 2013 2014 2015 2016 2017 2018 2019 2020 2021 2022 2023 2024 2025 2026 2027 2028 2029 2030 2031 2032 2033 2034 2035 2036 2037 2038 2039 2040 2041 2042 2043 2044 2045 2046 2047 2048 2049 2050 2051 2052 2053 2054 2055 2056 2057 2058 2059 2060 2061 2062 2063 2064 2065 2066 2067 2068 2069 2070 2071 2072 2073 2074 2075 2076 2077 2078 2079 2080 2081 2082 2083 2084 2085 2086 2087 2088 2089 2090 2091 2092 2093 2094 2095 2096 2097 2098 2099 2100 2101 2102 2103 2104 2105 2106 2107 2108 2109 2110 2111 2112 2113 2114 2115 2116 2117 2118 2119 2120 2121 2122 2123 2124 2125 2126 2127 2128 2129 2130 2131 2132 2133 2134 2135 2136 2137 2138 2139 2140 2141 2142 2143 2144 2145 2146 2147 2148 2149 2150 2151 2152 2153 2154 2155 2156 2157 2158 2159 2160 2161 2162 2163 2164 2165 2166 2167 2168 2169 2170 2171 2172 2173 2174 2175 2176 2177 2178 2179 2180 2181 2182 2183 2184 2185 2186 2187 2188 2189 2190 2191 2192 2193 2194 2195 2196 2197 2198 2199 2200 2201 2202 2203 2204 2205 2206 2207 2208 2209 2210 2211 2212 2213 2214 2215 2216 2217 2218 2219 2220 2221 2222 2223 2224 2225 2226 2227 2228 2229 2230 2231 2232 2233 2234 2235 2236 2237 2238 2239 2240 2241 2242 2243 2244 2245 2246 2247 2248 2249 2250 2251 2252 2253 2254 2255 2256 2257 2258 2259 2260 2261 2262 2263 2264 2265 2266 2267 2268 2269 2270 2271 2272 2273 2274 2275 2276 2277 2278 2279 2280 2281 2282 2283 2284 2285 2286 2287 2288 2289 2290 2291 2292 2293 2294 2295 2296 2297 2298 2299 2300 2301 2302 2303 2304 2305 2306 2307 2308 2309 2310 2311 2312 2313 2314 2315 2316 2317 2318 2319 2320 2321 2322 2323 2324 2325 2326 2327 2328 2329 2330 2331 2332 2333 2334 2335 2336 2337 2338 2339 2340 2341 2342 2343 2344 2345 2346 2347 2348 2349 2350 2351 2352 2353 2354 2355 2356 2357 2358 2359 2360 2361 2362 2363 2364 2365 2366 2367 2368 2369 2370 2371 2372 2373 2374 2375 2376 2377 2378 2379 2380 2381 2382 2383 2384 2385 2386 2387 2388 2389 2390 2391 2392 2393 2394 2395 2396 2397 2398 2399 2400 2401 2402 2403 2404 2405 2406 2407 2408 2409 2410 2411 2412 2413 2414 2415 2416 2417 2418 2419 2420 2421 2422 2423 2424 2425
g Nordrhein-Westfalen
v 8.134470248392704 50.684038391378664
v 8.106720006944276 50.695045508904485
v 8.09550621836131 50.69713835969848
v 8.089460077776888 50.69680248997028
v 8.06450036105291 50.689516110826034
v 8.059229362227125 50.68905098566708
v 8.056283805494399 50.69091133603589
v 8.05457848252807 50.69861111475225
v 8.05240807627698 50.70398551796896
v 8.050392695114958 50.70734449430873
v 8.033752881172129 50.725999626894534
v 7.9914298845874505 50.760984617924954
v 7.98114627505039 50.773541999060775
v 7.980526156000808 50.7779344555462
v 7.98130130661481 50.78504002282579
v 7.983781774045411 50.794522626155604
v 7.98393680199469 50.80299754753391
v 7.982231480527012 50.81056814442158
v 7.976650426744249 50.82697543405687
v 7.973394811256675 50.8331765974431
v 7.970294221933363 50.83702644086786
v 7.9676587273793835 50.83746575465386
v 7.96486819576275 50.837414015633875
v 7.9620776685704575 50.836897249421426
v 7.94921024062588 50.83253065151553
v 7.946574739169552 50.832091346965115
v 7.942543979585208 50.83203968704806
v 7.934482455554797 50.83524363635488
v 7.923888786329575 50.84113473478528
v 7.8935030435367 50.862554601811546
v 7.885596551189852 50.86692129121423
v 7.8591898951669945 50.87265739973273
v 7.849888135896984 50.87617137624902
v 7.846167431309758 50.87885852450726
v 7.844617140803493 50.88195914849933
v 7.845237258226413 50.885111407242555
v 7.846942579662844 50.89056325431114
v 7.849268018849955 50.8950332682798
v 7.852058545803486 50.89916736489906
v 7.8563993673254995 50.908210771076355
v 7.859654980547417 50.922473434598544
v 7.801622350369822 50.932705416268675
v 7.788599887987827 50.93027660223485
v 7.757542350472564 50.911311316668794
v 7.755682000575617 50.90660879837322
v 7.754131708279154 50.90004591466545
v 7.757852412566165 50.87534458559034
v 7.759247673961265 50.87046113274072
v 7.760849642112895 50.86712796168809
v 7.762865026040836 50.864492537158014
v 7.76596560927408 50.86268380739311
v 7.768291048885141 50.85953153883608
v 7.770461461325822 50.854880712893355
v 7.771236604868389 50.84397693643795
v 7.7703064299644184 50.83935189906438
v 7.767670933177307 50.83648388402258
v 7.765345493220993 50.836225501798076
v 7.763330109856107 50.83638048434672
v 7.740644158463956 50.841961560616994
v 7.738163690155679 50.84159984830759
v 7.734287956683524 50.83999786376387
v 7.718629996348626 50.82780221001922
v 7.7128939146618265 50.8244174414767
v 7.675635205992347 50.80997383779065
v 7.693928663958034 50.798036601806956
v 7.698734571810218 50.79191294596222
v 7.699509717399421 50.787649626841194
v 7.699354687146609 50.784419839080094
v 7.698889598816365 50.78162930508791
v 7.697184279632037 50.778528759187
v 7.696099073541601 50.777055973279474
v 7.6940836910608725 50.77571235434744
v 7.6920683110317745 50.77506641040289
v 7.689587841108809 50.7747305077875
v 7.686642287527106 50.77493725298625
v 7.684316846127955 50.775815727354804
v 7.682766556142646 50.77684930412215
v 7.68090620288418 50.77876129287168
v 7.679820998802707 50.77974315622667
v 7.677495557728727 50.77917471262249
v 7.674084913211659 50.7772109947415
v 7.665093214105255 50.76684986499004
v 7.662147660258359 50.76449863867932
v 7.65920209963603 50.763310025737944
v 7.627214390509694 50.75563610336516
v 7.617912633985585 50.752303001937406
v 7.613416782299038 50.74940909705429
v 7.610471226702717 50.745843426304376
v 7.606130405464598 50.73809195069511
v 7.603184849169965 50.73509470895213
v 7.599464144419889 50.733441031637525
v 7.5814290716020265 50.73571484092858
v 7.577088248693369 50.73566312425844
v 7.571817253302199 50.73499135378094
v 7.563290642536155 50.73276926747659
v 7.532388135013893 50.72098702916905
v 7.448620641430865 50.70615593519095
v 7.411051870791661 50.708197095626836
v 7.386867305132089 50.703649638530955
v 7.380046015479974 50.698843725538005
v 7.380821162976439 50.69721592207758
v 7.382836540330952 50.695743097823886
v 7.384386832707539 50.6938052261088
v 7.384541865641276 50.69153150798518
v 7.383146602038885 50.683831725662586
v 7.382991570439453 50.68080861772943
v 7.383766718568254 50.677113786320064
v 7.383921745056565 50.67316049724237
v 7.383456658140333 50.66838043032997
v 7.3769454263963965 50.66186918551001
v 7.374619988390412 50.65745085351075
v 7.373379753522304 50.65339426081999
v 7.373844842508422 50.64729646050533
v 7.373069695767982 50.64445425027677
v 7.371519403869972 50.64259391359825
v 7.3444926287565835 50.63008819950371
v 7.34046186623065 50.62889963791545
v 7.293901400517905 50.61980457839533
v 7.282584264142102 50.61882275500325
v 7.226256951275241 50.621406550435765
v 7.22424157126276 50.622491768448064
v 7.222846308078068 50.624326296372665
v 7.2217611007907365 50.6275560418557
v 7.220520867848919 50.62972646104733
v 7.218815545795907 50.63176770390297
v 7.217730339439956 50.63269784754764
v 7.215714959494808 50.633912275344656
v 7.208583611206594 50.63647023137134
v 7.2023824390305355 50.63773629587301
v 7.1990751472522145 50.63752959259312
v 7.19690473834541 50.636315224183214
v 7.195354445448044 50.63355053107445
v 7.194114210324168 50.631121724298026
v 7.185742628017614 50.619003596416505
v 7.178611280629386 50.61737579509755
v 7.154581740940424 50.60112357559665
v 7.143729688450887 50.59897898799144
v 7.121818881436187 50.60419829267997
v 7.1180981794286815 50.60393993053715
v 7.115307651086181 50.60249298316333
v 7.112982212683782 50.598255528259756
v 7.110036655522593 50.59422477525448
v 7.105230746565476 50.589108785871204
v 7.098719516057633 50.586809175621504
v 7.093603550029279 50.586163240038765
v 7.090502963382668 50.5865249512957
v 7.074328239983061 50.59205432914444
v 7.061615839086147 50.592932865687175
v 7.051848993175452 50.59034902862126
v 6.998932326228149 50.56660370444827
v 6.971285434660982 50.55965321128637
v 6.953612095656413 50.55805126464625
v 6.944775425167687 50.556320095635726
v 6.9393493992173 50.554769809731155
v 6.937644076618046 50.55314197948727
v 6.936403843680694 50.551591714181704
v 6.934698521556196 50.5488270299248
v 6.928497349245696 50.54110139168695
v 6.913252801485143 50.5294225285272
v 6.889533318792782 50.52492665243857
v 6.887672967064557 50.52381561425691
v 6.8851924976577985 50.5217743989958
v 6.886122673522077 50.51702016469391
v 6.887672968005967 50.51273103851566
v 6.88922326067833 50.50596142519044
v 6.8901534359941365 50.49658213918334
v 6.887827995451952 50.476660862679175
v 6.880696648892971 50.46772084537969
v 6.873565299776943 50.46219145737887
v 6.863643425601264 50.46069285317715
v 6.8597160169783935 50.46069285317715
v 6.85289472770131 50.46141632549882
v 6.846228467565972 50.46291493420543
v 6.8401823256063885 50.465498758871206
v 6.836306592938811 50.46772084537969
v 6.834136182225967 50.469219454453125
v 6.828090040225944 50.47516224613768
v 6.822198928069365 50.4827587069555
v 6.820648634242338 50.4860143175975
v 6.81460249116945 50.4863760332235
v 6.776568638079915 50.47686758255623
v 6.760135532457699 50.470666413648324
v 6.759825473552841 50.46919362500546
v 6.760290562352221 50.46733328967125
v 6.761530795773685 50.464413552244274
v 6.761840854821531 50.46015026008756
v 6.7609106792520794 50.45423331690413
v 6.755329623859652 50.445448316020325
v 6.753004186021232 50.44048738545486
v 6.752539097960812 50.436818357866294
v 6.7540893891824005 50.43500965189709
v 6.756879916266235 50.43356271244847
v 6.770057406802892 50.42968699399619
v 6.773313022250373 50.428136708496616
v 6.776258579421997 50.42622469047113
v 6.777653842543303 50.423950909626384
v 6.778273960185301 50.42139292692594
v 6.778118930564251 50.40989492119996
v 6.779359165411607 50.40048982062305
v 6.781374546017375 50.39307425089505
v 6.783699984668247 50.38881093598202
v 6.786335484094335 50.38540031482727
v 6.79548221246714 50.37625358411093
v 6.79811770916207 50.37284290662496
v 6.7995129738928535 50.3696389829861
v 6.801218297137618 50.36336031456599
v 6.799978061441076 50.35948455501378
v 6.79765262219156 50.35669404185113
v 6.795017122962068 50.355608818562764
v 6.770367466203191 50.35263743666182
v 6.71822594622653 50.34157868854323
v 6.701637811609073 50.34369742122248
v 6.68902876095281 50.353929339051795
v 6.681897414555825 50.357934291878166
v 6.671200390944569 50.362352593232686
v 6.663293898090905 50.36209421877712
v 6.656937696273292 50.359148652809644
v 6.649806348551411 50.35465280273145
v 6.635491978617712 50.350312014153964
v 6.625105015828486 50.350312014153964
v 6.619523960389505 50.350932122050125
v 6.618283725648325 50.35292165692985
v 6.619523959400947 50.355608818562764
v 6.622779574633309 50.35948455501378
v 6.6247949549587295 50.362507618038265
v 6.6226245464675415 50.36615082673319
v 6.61626834497014 50.36948395361664
v 6.59890506456388 50.375194209233015
v 6.590533481934694 50.376899539090374
v 6.585572544299689 50.37739046136141
v 6.578544548066684 50.375013318053014
v 6.572808464836889 50.373618065217244
v 6.532190789851839 50.36945813483991
v 6.528004997076379 50.36847624569224
v 6.525627883500855 50.366900145401566
v 6.480979445469262 50.346255399092335
v 6.464494662269288 50.34191456641031
v 6.458138462122878 50.34101023604366
v 6.4544177598915065 50.34256054650676
v 6.450386997606575 50.353567627462134
v 6.448061557738901 50.35646149081737
v 6.444650914078715 50.359252040184614
v 6.428062777935731 50.36483307979088
v 6.421706577388576 50.36839875080902
v 6.419381138353748 50.37067251465215
v 6.418295932090173 50.37320464699253
v 6.416590609987174 50.375375061663526
v 6.413748407540709 50.37832063055889
v 6.406306999703616 50.382248020783955
v 6.40181115134899 50.38338492619433
v 6.39762535995814 50.383229888021184
v 6.395144891792877 50.38204134309884
v 6.392354363912855 50.380025943557996
v 6.390959099970755 50.377519637272165
v 6.390804071070646 50.375375061663526
v 6.391734247117199 50.372222820421996
v 6.424032016682682 50.33914987656243
v 6.425582309804924 50.33697947519198
v 6.426357455861755 50.335325823160474
v 6.426512484524817 50.333723851207935
v 6.425737338075541 50.33243193977233
v 6.420311314505587 50.329848137523335
v 6.39840050620144 50.32318187195178
v 6.373399684025376 50.323080035556856
v 6.372458130253687 50.329435532586885
v 6.337731567556714 50.36808951031012
v 6.336387980035942 50.379923402792556
v 6.343312622808875 50.39330761485179
v 6.350443968522567 50.41687204048226
v 6.351167439601166 50.43356352922277
v 6.3473433833842074 50.43697416944046
v 6.340212036025757 50.43785268256465
v 6.331633748401297 50.4468960658509
v 6.326156046356032 50.457024645855924
v 6.323262166670518 50.46601635179798
v 6.3257426353532455 50.47402619178954
v 6.336904743193456 50.48100248424578
v 6.318714639197253 50.48167427827735
v 6.27540978952819 50.48803048651286
v 6.2601135654281865 50.492681363263394
v 6.257839803172859 50.49407664384975
v 6.255566039978884 50.494593403526565
v 6.253085571172746 50.49407664384975
v 6.25091516042902 50.492681363263394
v 6.217118774782467 50.48601513454981
v 6.207196900560821 50.48632518759767
v 6.19923872913258 50.49040761598134
v 6.19066044152773 50.50182811687822
v 6.182598916352798 50.50658232241149
v 6.190557087728166 50.5152122948822
v 6.178878213471087 50.51578073007543
v 6.1708166907137985 50.517951145538184
v 6.169473102993878 50.5224986778586
v 6.177327921894147 50.53019846361314
v 6.1606881102874205 50.543582669489275
v 6.179084920762856 50.56197948915877
v 6.210607542637449 50.578670950889965
v 6.232931763355018 50.587145901907405
v 6.2329317631635215 50.590763248640485
v 6.244300577273504 50.599548245077514
v 6.251328572349043 50.60843659274463
v 6.249054809753427 50.61443106772142
v 6.180015095908685 50.61551625394795
v 6.159447876836325 50.62238924082457
v 6.147769001330041 50.63675525489746
v 6.1611015201698915 50.64218127733187
v 6.100226684329392 50.70129911880574
v 6.081003051988903 50.71349477174545
v 6.064363238831436 50.71447659738123
v 6.024779092010668 50.7075519593084
v 6.011549926137957 50.708533838169764
v 6.007622518993205 50.7169054398326
v 6.011343220873064 50.727447405082856
v 6.010826457856535 50.73705924466418
v 5.994186644244492 50.74258858560749
v 5.992739705545191 50.74444896754786
v 5.992636353658418 50.746257645154124
v 5.993256470373679 50.748066336614365
v 5.994910117209347 50.74992668382142
v 5.997080525800571 50.76294913539985
v 5.9905692958443595 50.769046955424066
v 5.9806474188300305 50.77343940604077
v 5.972999309511995 50.78181104986761
v 5.968761841714575 50.79462678647956
v 5.983954712998446 50.79219800097083
v 5.998320759152903 50.80072456956137
v 6.003591754320007 50.81261013050119
v 6.001421347057692 50.82180859823466
v 6.000491170389827 50.83043854692836
v 6.0092761635297816 50.84046375424495
v 6.023022096523725 50.8454247387552
v 6.04555301789263 50.844184443831864
v 6.056715130704727 50.852659442655344
v 6.062812947296006 50.86294299805686
v 6.063123007173571 50.870901210563446
v 6.054648071998196 50.8914684266046
v 6.056508422548751 50.89808297778254
v 6.061779419162353 50.903509016669055
v 6.063743123078349 50.90753975416984
v 6.031083619345487 50.914722829560596
v 6.007519164328473 50.924076217688786
v 5.999871051603657 50.92939887413329
v 5.997287232571 50.93735708903018
v 5.995840290988663 50.95177480073988
v 5.999664349466232 50.960094739417364
v 6.005762167033237 50.96851796575526
v 6.003695110559397 50.973737319497424
v 5.967831663575187 50.97099840136437
v 5.941580036084739 50.97647611394811
v 5.927730755029787 50.977664717738186
v 5.914191529070002 50.975235902615886
v 5.888249960140226 50.967122727472386
v 5.874607379650155 50.96536567158234
v 5.873573852722842 50.990583817807476
v 5.858174275002899 51.01934173606596
v 5.852489868561643 51.04275117307727
v 5.880498495776372 51.05205293598668
v 5.894347776644137 51.04714362565212
v 5.906233359362044 51.03740268043513
v 5.9195658758514895 51.02970283353916
v 5.937962687301288 51.03094310191792
v 5.950261679301317 51.03946973680947
v 5.969485310383129 51.06492033592562
v 5.982921181712972 51.07468716571496
v 6.075421995571117 51.120369129041975
v 6.132369426595779 51.13982535118846
v 6.147252238221415 51.15225352488539
v 6.126271607331647 51.16457835634
v 6.149112589404208 51.17633474590926
v 6.157070761413823 51.17925448712574
v 6.134126423617708 51.18421538555263
v 6.084310343289305 51.16269214315338
v 6.060849242963972 51.17090871119128
v 6.053717895005292 51.18938303711648
v 6.056611776779886 51.211707272430516
v 6.065190064315599 51.23162854934048
v 6.075421996900172 51.24266143677619
v 6.096505979579193 51.258810292504556
v 6.1477689996184 51.3181606537715
v 6.158207641451268 51.324594431875354
v 6.183632448599521 51.33570491063491
v 6.193554319608059 51.34451565573035
v 6.198928671062112 51.35696972906376
v 6.202029259113438 51.378880580517624
v 6.207817016070847 51.38766550953133
v 6.192727501275501 51.39895685738202
v 6.194071086214234 51.41737946064238
v 6.201719196380292 51.43864429458889
v 6.205336545522897 51.45843632847157
v 6.200478964243677 51.47657483587442
v 6.193347614102149 51.509337647598315
v 6.153039995075737 51.53843143546767
v 6.086480754357135 51.59553396382474
v 6.082139932505685 51.607807098161665
v 6.087514282147543 51.62209564522779
v 6.099193154322387 51.644471501377886
v 6.031497027452339 51.66299748280104
v 6.0085526927044945 51.68118761433092
v 6.021988564244922 51.70950628929015
v 6.0120666936642015 51.71586258683947
v 5.989742472843244 51.726378700683696
v 5.978270303728208 51.72978932096442
v 5.949228152690744 51.72937597602272
v 5.939306272295589 51.73188218491602
v 5.940133097575955 51.74263093386105
v 5.946056400668792 51.746288234057026
v 5.962353966427356 51.75635108921011
v 5.964110965296214 51.77655657221753
v 5.950778439382342 51.795909263763136
v 5.928040808985659 51.80673546770929
v 5.931451459194663 51.815649768945896
v 5.948091270788404 51.822961996996526
v 5.988915653291721 51.82745785667678
v 6.008242637266401 51.83257380086891
v 6.028913208860845 51.84210807186905
v 6.043279256304946 51.84686229166626
v 6.084000283469839 51.85365772348595
v 6.116453080808058 51.848283318046086
v 6.140017536062126 51.844536824813616
v 6.156140585888928 51.84205641654852
v 6.1427047155853 51.85518226709802
v 6.105394326439595 51.87947010088495
v 6.092991980561082 51.88530947552483
v 6.126995075812865 51.89673003696959
v 6.15924116917931 51.88729907541877
v 6.191383908043449 51.8711501449568
v 6.225180296975455 51.86254606026407
v 6.256392858570867 51.86680931462853
v 6.264661089835464 51.86618922537769
v 6.271792440237603 51.861900153056745
v 6.28285119889843 51.849601195948175
v 6.287398720321495 51.84616461772191
v 6.325742634814125 51.84254729911472
v 6.34196903176998 51.83668198151958
v 6.344966270529659 51.82110163572867
v 6.382483358552078 51.82758698643539
v 6.386617474162333 51.83756057175208
v 6.378452594836212 51.86011726490202
v 6.442531374865297 51.848360959760804
v 6.462891889874286 51.848360959760804
v 6.479428347060654 51.85301184240057
v 6.5286243056631506 51.8764211567527
v 6.628153118434747 51.89750521754759
v 6.71667484981574 51.89926226192001
v 6.743753296724758 51.90833141516703
v 6.767007687337342 51.925513763156616
v 6.789848669907585 51.95114526504816
v 6.798013551749684 51.95670057586963
v 6.805661659615379 51.95752733822426
v 6.81072595416085 51.96057631574629
v 6.811656124959825 51.97279771160596
v 6.809175655044483 51.97954144861399
v 6.804008012844581 51.98437321002893
v 6.778169798383187 52.00127143365932
v 6.7128507907862085 52.02385409993006
v 6.690939984087589 52.027859028951255
v 6.675023637215015 52.03480939458716
v 6.67295658263046 52.05005400873403
v 6.679881222076118 52.06046676061118
v 6.6888729224255705 52.06310226554328
v 6.699414920771375 52.063567477793704
v 6.711403849402587 52.0672881148605
v 6.719465369610877 52.07356672690394
v 6.727630248449923 52.086305022288535
v 6.7329012463739195 52.091989467721866
v 6.74985111533903 52.102867336572686
v 6.765870810022455 52.10839674812005
v 6.7715756823571445 52.108792472719266
v 6.830673053831523 52.11289253561354
v 6.843282108119518 52.11999812663348
v 6.865399620486414 52.14780005436806
v 6.8848299583389245 52.160331567376886
v 6.9277213952048795 52.17190704786029
v 6.947668495063817 52.182810734622784
v 6.971129599150693 52.20627189252656
v 6.981878299610324 52.213997565419454
v 7.026320025093797 52.23063727364796
v 7.029110558572568 52.23577918021576
v 7.026600153794354 52.23862272781928
v 7.026682571134014 52.238620532378384
v 7.05308922600648 52.23792285375948
v 7.09437869380327 52.24869737223038
v 7.108486363605797 52.255001969503965
v 7.115772737731526 52.25975614204388
v 7.121508822355017 52.26265003782351
v 7.259174842645198 52.266164106663055
v 7.3005676641659845 52.27179683728023
v 7.348523391276607 52.29210563441346
v 7.363251176155454 52.30058059428453
v 7.368108756828814 52.302647582363605
v 7.3726046076685865 52.30393951888578
v 7.3983394737816575 52.30732437940513
v 7.409036495392511 52.310554149155784
v 7.4164778952579775 52.31396468464561
v 7.4673791861210095 52.346391729666465
v 7.513629592968543 52.370033694273225
v 7.519055613672955 52.37184228858124
v 7.533318313337095 52.373496021915926
v 7.539726188363125 52.37339261416984
v 7.558484737049839 52.37142897494091
v 7.560500117879173 52.37158400669071
v 7.56158531763441 52.37184228858124
v 7.565771110465088 52.37514961118142
v 7.570577019082894 52.380162240026614
v 7.573057491542777 52.38207433232364
v 7.574762808434098 52.383004414124514
v 7.575692984088376 52.38292689407556
v 7.5808089578341145 52.3904201063527
v 7.587010126392642 52.40476026166482
v 7.590575802719158 52.41031551343836
v 7.595123326302733 52.41395867110438
v 7.602099642413655 52.415405561772225
v 7.602564728997084 52.41721422821041
v 7.6007043778454895 52.41964301964354
v 7.593883092405083 52.42517244945724
v 7.586234978138252 52.42754953644725
v 7.583134390947875 52.43282050206243
v 7.581894157550536 52.436386192620084
v 7.594038115805004 52.468322179413676
v 7.598844028031244 52.47292145749
v 7.601169467206034 52.474471736734664
v 7.605510289836106 52.475608667731656
v 7.609075965665758 52.47555701746135
v 7.680596142442669 52.46201770286424
v 7.6854020515653785 52.4597956394083
v 7.688657666939491 52.4579352776877
v 7.692068309705636 52.453284366395714
v 7.694393749678638 52.447754988321755
v 7.702920366039606 52.413338578122136
v 7.70560753368272 52.40997949795188
v 7.709793332158933 52.4073441254245
v 7.7341329326936465 52.40191811059938
v 7.801777380082927 52.37579564114751
v 7.805188021783459 52.37370268064249
v 7.816195101288932 52.36512439378381
v 7.822602980712252 52.36326407667192
v 7.829269241233362 52.36272148724171
v 7.894898312736959 52.37861202204441
v 7.899704220064383 52.378456985175355
v 7.905750356608206 52.37726832062556
v 7.911021354563144 52.37132556819893
v 7.920013056631294 52.36491774338336
v 7.928746372606885 52.359879270107356
v 7.942233921291699 52.34760610994586
v 7.960682410741743 52.32667721738889
v 7.9704492527629025 52.31753042391323
v 7.972774693542737 52.3146365701643
v 7.973549835735516 52.31210434302846
v 7.969984160017172 52.31003726349457
v 7.966418492652447 52.3091071861927
v 7.935877717279233 52.30636827401638
v 7.932157019834378 52.30533483792362
v 7.929676545844615 52.303009311253675
v 7.929211459560878 52.29990875295184
v 7.931381868604831 52.29386258965383
v 7.932777136475697 52.29117547825421
v 7.934792516940359 52.28861749124115
v 7.94083866029298 52.283269000455405
v 7.946419710531369 52.276990235111704
v 7.946264686455754 52.27427729954401
v 7.94424930145481 52.27135752476398
v 7.938203161760631 52.26585403944737
v 7.920013057629198 52.2542785177071
v 7.916292355122414 52.25068701480023
v 7.9161373235884 52.249162514414515
v 7.916447384345812 52.24704382031934
v 7.91861778786611 52.24285793195433
v 7.924198848300349 52.236191761221725
v 7.925594113167625 52.2334012487401
v 7.925439084096252 52.23035234756788
v 7.9232686708425115 52.226424890983424
v 7.917377553144007 52.22006860378441
v 7.904200063973421 52.21146448876843
v 7.900789424313703 52.207873074698774
v 7.900634397370182 52.20492754842856
v 7.903579951716121 52.20037998344343
v 7.907765740171298 52.198312883214996
v 7.914742062799667 52.196710988269075
v 7.924043816958425 52.196400864541395
v 7.9330871932584905 52.195264009339596
v 7.934327426615303 52.1948505661774
v 7.93680789801005 52.190458114788946
v 7.938668251351819 52.184101949790985
v 7.942543980546367 52.18146638028564
v 7.947504916045564 52.17981271837766
v 7.960217315055507 52.18004521482433
v 7.978200715457785 52.18224147988439
v 7.990499709840728 52.18175061450311
v 8.008483104624457 52.17771979133095
v 8.01375410367148 52.175962845725095
v 8.01747480549879 52.17412831318941
v 8.017319778270647 52.17004589942207
v 8.013909129161059 52.16405136115307
v 8.003522172132055 52.15087396433451
v 7.99716597094544 52.13841996186643
v 7.99685590774787 52.13348476913755
v 7.994375437623147 52.127826192011526
v 7.9901896459326585 52.123226963538904
v 7.979440952469122 52.121883450571595
v 7.966573518107016 52.12146999130825
v 7.947194861496102 52.11870541422552
v 7.922183463983046 52.11154814650324
v 7.904665152595757 52.10296983047356
v 7.893192990826474 52.09516679828621
v 7.891642693778305 52.089766539378516
v 7.90016930658879 52.07816521377153
v 7.904200065335837 52.07188646858171
v 7.912416622785329 52.056021886395776
v 7.914742062299392 52.05465246732038
v 7.919702994446006 52.05310208853021
v 7.947814972587647 52.04728846250794
v 7.965178253405329 52.041216479982026
v 7.969829137032433 52.03852938223992
v 7.973859897072924 52.03845182962368
v 7.97944095224826 52.04038971329281
v 8.02290082959767 52.066150371901244
v 8.038248731968618 52.070723786960244
v 8.074577268535485 52.07470294178981
v 8.110440710436999 52.06653802803878
v 8.181030711126917 52.083074385581625
v 8.19901411146401 52.08953398337121
v 8.211468129354863 52.09666529213891
v 8.217669300174226 52.1033315371661
v 8.234722532860522 52.116147440007495
v 8.266865264579662 52.133613923478165
v 8.393627561206415 52.11126400471235
v 8.400758900330311 52.11242659052838
v 8.40587487289002 52.114235365812625
v 8.407890247224849 52.115604691327256
v 8.410215690199495 52.118782838829645
v 8.418277215885237 52.13371737239894
v 8.421687859194472 52.137851451259394
v 8.426028679627514 52.14097788625401
v 8.466077918573497 52.15671341660916
v 8.475844766265102 52.16167437903679
v 8.48096072960599 52.16529167245386
v 8.48623172505135 52.17004589942207
v 8.491864452355534 52.17619533801703
v 8.497135455928053 52.18343015948591
v 8.49837568436136 52.186840712398116
v 8.497600535120776 52.18919194648677
v 8.486851836338218 52.195057209266494
v 8.465612830730176 52.203790648168926
v 8.463907507120561 52.20477248058646
v 8.460961952022396 52.214332645637086
v 8.45879153576508 52.25009264498332
v 8.460961946020715 52.28657620566299
v 8.460186800105093 52.304197875754106
v 8.456001012678243 52.32130283064983
v 8.449644805697126 52.338097571761516
v 8.440963170483762 52.353755624513646
v 8.435072056141765 52.361455398310405
v 8.427734003094603 52.366778074940335
v 8.398898556578615 52.379593872531295
v 8.333889601620845 52.398352371190924
v 8.32644819079411 52.40486352772579
v 8.32133223065419 52.41023798342841
v 8.301436804080922 52.451114038863714
v 8.32381269789825 52.44594637537755
v 8.346602002901054 52.44599801842491
v 8.350632761988251 52.445326188882795
v 8.358384226030308 52.44281987536204
v 8.366910843832088 52.44139885412484
v 8.423703239924498 52.44599801842491
v 8.441118202368937 52.451062394569405
v 8.448094511777024 52.454627921105626
v 8.452125275395307 52.45798692365785
v 8.453985627289857 52.46150091993553
v 8.461737093927564 52.48615061062602
v 8.462667273441077 52.488114370101485
v 8.463907501005032 52.48976791117643
v 8.465767859293905 52.49131831393754
v 8.472124053269317 52.494573804246016
v 8.48111575205631 52.49803612464832
v 8.49186445705141 52.50322971165845
v 8.496670362897794 52.506511135953104
v 8.516979205162032 52.508113162808606
v 8.566485219101272 52.50713118783393
v 8.582608266029395 52.509120736058385
v 8.632114288398054 52.52392603848811
v 8.636610144407108 52.524184506138425
v 8.642811313296717 52.524055272273685
v 8.659606155402583 52.519843673463946
v 8.667512645763082 52.514934356494386
v 8.67619428871286 52.51100698514854
v 8.703634472930371 52.48015613884059
v 8.706580031258081 52.47111278656362
v 8.707200150330548 52.464704931635765
v 8.706735058617005 52.46106168683411
v 8.70440962563732 52.451579152027
v 8.704254588756028 52.446773136556885
v 8.704719682302175 52.442535764532806
v 8.706269970637681 52.439254233570814
v 8.709525590885802 52.43460341832769
v 8.710610793139958 52.43209707460305
v 8.710300735531314 52.42878980726448
v 8.707200149553653 52.417653527426246
v 8.706580034936822 52.412150032398095
v 8.706735056973152 52.40729233484371
v 8.707510202860478 52.403364919248546
v 8.708595410531009 52.40093615702726
v 8.711075877052265 52.3986106855871
v 8.712781201984857 52.397396328173954
v 8.723994993083412 52.39561356738907
v 8.826727740358663 52.38879229142566
v 8.859128858206681 52.39104013245611
v 8.88801598934219 52.39757727295213
v 8.894372188180052 52.399954364928355
v 8.96124148692938 52.40907519361753
v 8.963876984599787 52.410625476817664
v 8.966667519272088 52.41313188086378
v 8.969303014589373 52.4163357894537
v 8.984030796409751 52.44475780391689
v 8.993952666348324 52.45842615038105
v 8.999120309770358 52.46276697755865
v 9.025630326662148 52.47956191323094
v 9.081182485882902 52.49757106634161
v 9.085678339025439 52.49819124898375
v 9.090949329186616 52.497441848769654
v 9.096685420333971 52.49545241056293
v 9.110534700417272 52.48297249265116
v 9.112705116945405 52.4816031676061
v 9.115960731961133 52.48000118473601
v 9.119836460069159 52.47850251594232
v 9.12371218837644 52.47767563084498
v 9.131618682866353 52.47674544784672
v 9.13409915047735 52.47488509412151
v 9.134564238869848 52.47183619028329
v 9.130223420438272 52.4645498318633
v 9.126037631552297 52.46062245464391
v 9.121076697137289 52.457573599271065
v 9.117355995056954 52.456230025874895
v 9.111309852309729 52.45338781305562
v 9.108984404497738 52.451527350645435
v 9.109759554348177 52.446256390820565
v 9.110844764099022 52.44207067121829
v 9.12836307196666 52.408455114894295
v 9.095445186463644 52.37571812372476
v 9.077926877845469 52.352412079917464
v 9.073896111944585 52.34874298953585
v 9.062889035331613 52.34615920958026
v 9.057618034128994 52.344324631854754
v 9.049194777375636 52.33980297427426
v 9.041133256229735 52.33923455755203
v 9.018033892159577 52.34106909149064
v 9.01260785989172 52.34060390628677
v 9.007801957520645 52.33923455755203
v 9.004236280619896 52.33654734603561
v 9.00113569789311 52.33287837170153
v 8.995089551066549 52.32249134004385
v 8.993332553908633 52.31603180217812
v 8.989146760510303 52.288384877186566
v 8.986976354651713 52.27947075753313
v 8.984960972748189 52.273657142074136
v 8.982790557051239 52.27011722852764
v 8.982480500427775 52.26792100585578
v 8.983255645292447 52.264975439687944
v 8.986666292398251 52.260479612325746
v 8.989611846881717 52.258283331592835
v 8.992712437019518 52.256862285333476
v 9.010902536176095 52.25409753751788
v 9.044078813273329 52.244666704955215
v 9.066299675533712 52.24146270625278
v 9.070795525198315 52.24024830115715
v 9.072655879659507 52.23918899550565
v 9.070485464627188 52.236915152029994
v 9.04857465642727 52.22763921788922
v 9.041908404135764 52.2237894300574
v 9.038497759045685 52.21862178128158
v 9.039117868766068 52.21603784669524
v 9.040823199371983 52.21301490688536
v 9.042838572594341 52.21025009646434
v 9.04578412769553 52.20443647451335
v 9.047644488175653 52.196194220162084
v 9.04593916129159 52.194075421183385
v 9.041753368643654 52.19288683959131
v 9.019429151963223 52.194075421183385
v 8.988061562303152 52.188494428274154
v 8.994314410438651 52.1779524422918
v 9.004236285841873 52.16446490196933
v 9.00594160463619 52.161028367387225
v 9.007491898200362 52.155938252043256
v 9.007801957863537 52.152579290026836
v 9.007336870157722 52.14947870788267
v 9.005786578961382 52.14699827424022
v 9.003461132935442 52.144362687978095
v 9.001600780085377 52.142553973999625
v 8.997414987281678 52.13712792296813
v 8.996484820990307 52.13410499281075
v 8.998810257054076 52.13320059851188
v 9.003616167243226 52.133407339266476
v 9.015553418713 52.13586191103299
v 9.030901323848457 52.137102217068225
v 9.043768754079636 52.136404553843434
v 9.06397423693035 52.13803233371096
v 9.135494423854691 52.131908747572204
v 9.142935829620217 52.128989023626445
v 9.14634646540185 52.12588830995936
v 9.145106234229283 52.121159975745535
v 9.141695589095551 52.11547554774717
v 9.140300324752713 52.11247830991313
v 9.140145294671784 52.1101786899447
v 9.140920440696034 52.10767237807519
v 9.149292023702602 52.10219470196275
v 9.177093946173077 52.09485666369617
v 9.188256060164756 52.08503821080773
v 9.189496289603197 52.079017823381555
v 9.189806344040365 52.07496118039872
v 9.18825605568221 52.07217071541425
v 9.177714058291972 52.0603884167214
v 9.176938913806842 52.05881230035488
v 9.17662885959934 52.05677115344114
v 9.177404010233582 52.05325720425231
v 9.1856205606634 52.03728917038591
v 9.19786786763299 52.01935733745278
v 9.198798053752753 52.01695452776759
v 9.197867874928837 52.01315626896362
v 9.197092726048911 52.01093414754349
v 9.196007520171657 52.00917714464949
v 9.193216998072566 52.00623165885962
v 9.190426464668615 52.00406114502454
v 9.184845416024295 52.00096064990092
v 9.178799265481203 51.99860926558175
v 9.17740400452643 51.99767912002698
v 9.176783887882385 51.99672313253164
v 9.176628858625094 51.99563792028468
v 9.176938916305692 51.99393257529684
v 9.177093952371063 51.991503887574986
v 9.176318799549984 51.9900051791103
v 9.174768511118534 51.98845494772098
v 9.172598098612585 51.98716301833404
v 9.171047806960225 51.985974475121516
v 9.175388624200286 51.98318389886359
v 9.184535357669873 51.97935991505869
v 9.209960163199158 51.97160846355288
v 9.21915856322755 51.9703164773266
v 9.223654415306045 51.97140172018286
v 9.223344351653253 51.97352037913621
v 9.223654407811901 51.97496728764001
v 9.22427453263046 51.97625930140583
v 9.225979851501195 51.978274632615296
v 9.22784020411857 51.97987663607609
v 9.23016564323199 51.98116852229093
v 9.234041375896426 51.98258963729278
v 9.238227169202824 51.983390653400825
v 9.243343131309404 51.98375231768015
v 9.247528920550899 51.983648940215566
v 9.28602786457464 51.97277108540978
v 9.28726810343118 51.97047153406462
v 9.285872841760094 51.96496802703552
v 9.274710725382063 51.93750190071996
v 9.273108762847496 51.93548663249185
v 9.26923302877586 51.93145583855128
v 9.264892209918917 51.92840695400935
v 9.257760859349773 51.92422110987269
v 9.255280383753467 51.9223606734054
v 9.257295768643942 51.92132719141627
v 9.263186881877196 51.92112049560396
v 9.288973424845059 51.92373020114678
v 9.30215091692323 51.92323929352195
v 9.325870393683509 51.91610786873289
v 9.330727984530526 51.91125037135017
v 9.333208453464668 51.908098113299125
v 9.334603713950068 51.90577262396495
v 9.336464065316983 51.90091504258768
v 9.3383244122638 51.89342188954223
v 9.33615400508018 51.882259824024864
v 9.321994665717273 51.85626662650573
v 9.332123239555957 51.85476790452163
v 9.342510210423717 51.85624079718092
v 9.360183549806658 51.86096917962533
v 9.365609573583148 51.86148593435889
v 9.410309680672606 51.860348950313835
v 9.433098992847809 51.862571107600694
v 9.443382605038744 51.86499993008943
v 9.449738805990938 51.86706699424135
v 9.455164830001221 51.868203856506604
v 9.457955350811469 51.867428622883324
v 9.461210977263908 51.865361711876226
v 9.458420441790453 51.859263788046405
v 9.456095009350564 51.85574988404483
v 9.450979041720409 51.85053055585863
v 9.44162560256494 51.84303740011653
v 9.440075309197224 51.84076362870448
v 9.440540398277102 51.838489880791414
v 9.44415774751812 51.83523426405823
v 9.449428749904579 51.83505347613723
v 9.457645298483031 51.833063879657935
v 9.460900913953342 51.83166862148378
v 9.462141144140013 51.83011825803833
v 9.461676061300395 51.82861971418707
v 9.454544712975716 51.82407217968664
v 9.452839389011233 51.82097157067493
v 9.452064242699745 51.81608816084787
v 9.453149450770685 51.80577874766736
v 9.451909219429837 51.797768942939165
v 9.44601810328617 51.785082339100086
v 9.43666466198098 51.77045781962393
v 9.433719110717679 51.76720226817783
v 9.428138051881062 51.762732202670286
v 9.422557000823367 51.75963167298463
v 9.409534538545007 51.754722394297744
v 9.406588979773876 51.753223736444184
v 9.40534875162955 51.752138631879404
v 9.404418570755439 51.749761434380154
v 9.403023309042101 51.74542064657528
v 9.401317986758864 51.74268178360997
v 9.399302609783156 51.74025305618457
v 9.3963570452069 51.73787582987552
v 9.394186641115859 51.73671319807976
v 9.392326286760841 51.73534373798956
v 9.391086048551887 51.73384505487938
v 9.389845823177156 51.72940100824556
v 9.389535759395851 51.72392324303265
v 9.39000084562143 51.717256957395534
v 9.392946410481986 51.70526812874768
v 9.393566525607973 51.70061722710571
v 9.393101432865535 51.69756824955636
v 9.389845816952135 51.69508776959642
v 9.387985467737762 51.69302075020172
v 9.387210324647134 51.6894034343433
v 9.38767541124951 51.68490756434747
v 9.390000848655346 51.67775036829286
v 9.388760610954694 51.67415879624843
v 9.386383493066239 51.67178165230483
v 9.379717242901782 51.669146302463545
v 9.37692671689377 51.66744098233049
v 9.37475630298395 51.66501213978739
v 9.373206007323695 51.66144642362592
v 9.372430860526954 51.65625294873811
v 9.372430865422897 51.65098202250856
v 9.373050976006178 51.64726123223388
v 9.37444623705677 51.64439314919936
v 9.376151559260666 51.64211938411062
v 9.378787062890112 51.6403883104776
v 9.393721550095952 51.64005238772795
v 9.440075313606298 51.649044125957055
v 9.424262322901086 51.631525780702226
v 9.41775109668302 51.62713335185024
v 9.345920853838134 51.61230219370716
v 9.337084180594875 51.60899485663527
v 9.3330534176523 51.606669382831484
v 9.333828564690592 51.6052741414474
v 9.337239216160974 51.60300046238169
v 9.33925458686855 51.60194095241805
v 9.352122021874772 51.59648915261228
v 9.353827344567604 51.59545562883116
v 9.354757515996743 51.59416365264899
v 9.35506758518302 51.592639339877415
v 9.35491254707995 51.59108892635125
v 9.354292435580735 51.58951288167188
v 9.350261672476531 51.58362173130538
v 9.348556347532153 51.58046944563489
v 9.346696001394575 51.575921989883845
v 9.343905465903616 51.57067672406871
v 9.343440383984262 51.56910066687698
v 9.34297529596623 51.56757621223631
v 9.340184763679279 51.56129746336568
v 9.335998975535587 51.55395945148716
v 9.331503131250548 51.549541189743024
v 9.326025423492384 51.54553617475733
v 9.315793492124872 51.53990348144172
v 9.310987580819592 51.53561430062067
v 9.307111847578115 51.53075669409309
v 9.302771034015052 51.52341874386461
v 9.299515416051628 51.52005973240747
v 9.29625979593432 51.517579191756646
v 9.282927280847902 51.512876712078935
v 9.270473259824659 51.50574534237751
v 9.262876828662273 51.50223139696692
v 9.25233483544961 51.50021601784773
v 9.232801136364259 51.49246443952744
v 9.227995233350018 51.489673980495276
v 9.224274526726452 51.48703843114796
v 9.221949085367765 51.483705280595565
v 9.220243772225327 51.480320607995765
v 9.218848503391293 51.476754864048765
v 9.21853844976108 51.47520462615343
v 9.218538447599 51.47241406856562
v 9.218693475971884 51.46977856502278
v 9.218538442862272 51.46838323738744
v 9.218021684859236 51.4661612635545
v 9.217091507828185 51.46357740073166
v 9.21476606274611 51.45866806485841
v 9.212440626556834 51.456962784397504
v 9.210115189884727 51.456136010069066
v 9.198487985711054 51.45786706740805
v 9.193372020008393 51.45639430835705
v 9.157973664647646 51.43887601064174
v 9.153787878235471 51.438281799285505
v 9.145881377415696 51.43825586214387
v 9.108674349794807 51.44290678304051
v 9.089709095836145 51.45290613450259
v 9.084903187101197 51.45706607280393
v 9.084438109259517 51.45846148662478
v 9.084283075506772 51.45996004255385
v 9.08552330530591 51.470036878949024
v 9.08598840195209 51.47140643214358
v 9.086608518577034 51.473447650683795
v 9.084593128467073 51.48300765068145
v 9.078546992777548 51.48848544768906
v 9.074826282537787 51.490965823537785
v 9.071260612095374 51.49189603013911
v 9.066454709088838 51.49168942141851
v 9.064129269299285 51.491379352408785
v 9.049659860771492 51.4960301198638
v 9.030126171563895 51.5053577319505
v 9.021289508808039 51.50799333974239
v 9.015398392604874 51.50915603037121
v 8.999430375445552 51.50393670782883
v 8.958140899635584 51.497218692539896
v 8.906154408602534 51.48091477391376
v 8.902433709094668 51.478201814473415
v 8.900883416873064 51.47621227957127
v 8.89948815688626 51.47375769498982
v 8.89809288797812 51.46941680100815
v 8.898092886791968 51.466729607964886
v 8.898868037646457 51.464765958323405
v 8.900263296356211 51.46316392292363
v 8.908944944371948 51.455464248393554
v 8.910340207411329 51.45386227910536
v 8.912665646888176 51.450244920559484
v 8.914215939126734 51.4458007273421
v 8.916076283248495 51.43642136380146
v 8.916386349472269 51.43448360225326
v 8.915921262040683 51.42513017582283
v 8.916231315496853 51.42290800301654
v 8.917006463060495 51.42146109482231
v 8.918401731524154 51.42047930859781
v 8.9204171064531 51.41991076820726
v 8.94124270999087 51.417998770649795
v 8.94387820577305 51.417068556409674
v 8.946668735039745 51.41556997276035
v 8.949614288547247 51.412365986751965
v 8.949459266624595 51.40885209058372
v 8.947443884897961 51.404485417971
v 8.942482945348374 51.396243008299216
v 8.938762240777299 51.39301320787335
v 8.935144888886176 51.391282022573144
v 8.893597037756379 51.38999012518647
v 8.883365102312041 51.387509609140494
v 8.858043651094695 51.37541734576678
v 8.85571821286343 51.3748489185806
v 8.853237747366007 51.37464226074019
v 8.850757280479483 51.374693964233586
v 8.829673293343184 51.378853869154426
v 8.824815704106149 51.38032659158661
v 8.81969973814064 51.381205106005325
v 8.814583769415405 51.38172184402933
v 8.80884768566493 51.38172184402933
v 8.79629031507066 51.38037829637712
v 8.772570832004458 51.37541734576678
v 8.751745229925884 51.37360866195841
v 8.73453698504923 51.374125538861826
v 8.727715692185228 51.37309194243663
v 8.704099564421618 51.36632236944981
v 8.68549605014832 51.36342850466359
v 8.681620309537703 51.3620072802246
v 8.67960493734481 51.360612149125096
v 8.679449900404492 51.358829199064935
v 8.673248731333635 51.35216297991183
v 8.662086627664133 51.34823565637975
v 8.653973421347 51.34404976188336
v 8.653353309317772 51.34265458498753
v 8.653198275740595 51.34125926048229
v 8.652578155678473 51.3398639445495
v 8.651182892851939 51.3368667149604
v 8.64823734055928 51.33443800563233
v 8.615526153315724 51.313638159325194
v 8.59392540633338 51.2959906714642
v 8.58849938264732 51.289970394526634
v 8.578112421145256 51.27594027654107
v 8.57625207073074 51.27221958389286
v 8.575631950182208 51.2702041429695
v 8.575942008054367 51.26880887216446
v 8.576717154720205 51.26746528901093
v 8.5781124186821 51.26617339259522
v 8.579972772112514 51.26490734276441
v 8.584468621049307 51.26250438107647
v 8.59082482399977 51.25976554145233
v 8.594390494645285 51.25754342482988
v 8.59532067018649 51.25622566821011
v 8.595940787791685 51.254907919194345
v 8.597025996346252 51.25090304238112
v 8.598266231353943 51.24767327609939
v 8.599041375203447 51.24627798685052
v 8.600126578856539 51.24488270612128
v 8.601573519615439 51.243616618196775
v 8.603588903067347 51.24255730920713
v 8.607929723480177 51.24131707076716
v 8.617231481032059 51.240231857895296
v 8.622037388240415 51.24036104034133
v 8.624982942920118 51.24085193430207
v 8.627618441057958 51.24193715011776
v 8.629943879241521 51.2438491500956
v 8.635214880255766 51.25046380210025
v 8.63614505527292 51.25121309485256
v 8.63769534697913 51.25216909262205
v 8.63986575654317 51.2530475805865
v 8.644826692476475 51.2540552621181
v 8.66534223618376 51.25516630075502
v 8.685651076296894 51.2589903820348
v 8.707665235526598 51.26917062845983
v 8.712316115201869 51.270565901477084
v 8.716863643004325 51.27113438029081
v 8.71903405148601 51.2706951010831
v 8.721204463472972 51.269894142771236
v 8.722754756580834 51.26870559139385
v 8.723684927823003 51.2673619307833
v 8.724150016128624 51.265837480428296
v 8.723684928688591 51.26415800507363
v 8.720119254541645 51.25746590952411
v 8.71980919662087 51.25625150650211
v 8.720119254050422 51.2551146244195
v 8.72182457656885 51.25433948078983
v 8.729576042794957 51.251833201057934
v 8.731126337989995 51.250592990330496
v 8.731746450782051 51.24981778398585
v 8.736707392667487 51.237027922422264
v 8.73779259611064 51.233720610782484
v 8.73810265760659 51.23180861745124
v 8.744148796611146 51.21496205233403
v 8.744923941286705 51.210517852857905
v 8.748954704030288 51.19852894205169
v 8.749574823429967 51.197185381502095
v 8.749884882282585 51.19594515474074
v 8.75159020431076 51.19051912448031
v 8.752210323324018 51.18775445734578
v 8.75252038063584 51.18421460518517
v 8.752210323198726 51.17793593251229
v 8.751435173994292 51.174861155319945
v 8.750194937871976 51.17279405546329
v 8.717948844475735 51.15015978775588
v 8.697743360717254 51.132848212951
v 8.695727981399276 51.13049695713027
v 8.695572952147993 51.129230876242794
v 8.695572950699155 51.12786142895223
v 8.696038039710837 51.12644034245674
v 8.696968214472362 51.125096735280216
v 8.70549482813665 51.1162601114967
v 8.70689008875758 51.11354704546375
v 8.70735517863281 51.10876701863507
v 8.706269974263936 51.10633823224262
v 8.704409620307484 51.10473621767901
v 8.678984814697902 51.096080414049965
v 8.665807326198536 51.08923330741823
v 8.663481886070706 51.088483996960875
v 8.660846387200333 51.08817393010327
v 8.658365920968643 51.088354821887314
v 8.627153354812243 51.09359996522688
v 8.524730663890395 51.09331571145716
v 8.520544876544813 51.084944189266956
v 8.524110550415061 51.080189949415654
v 8.528141307735597 51.07631416580642
v 8.535117627118204 51.06742582587267
v 8.537443068197293 51.06324006691692
v 8.538218216646111 51.06016533805552
v 8.535892772894831 51.05605700190043
v 8.534962598501258 51.05026926582803
v 8.53666792103962 51.043913054114924
v 8.542559035650275 51.03032218705201
v 8.544419386279081 51.024663609653146
v 8.544884474025903 51.020658682728616
v 8.538218214241018 51.01337229028049
v 8.52752119120444 51.00536242759327
v 8.526125929110123 51.003760488227236
v 8.523025344464012 50.99957470964381
v 8.519459671799433 50.993528579601374
v 8.514653762885326 50.98743075668053
v 8.512328321837463 50.98339996260135
v 8.51093305637908 50.98164293968461
v 8.509537795782656 50.9802993933343
v 8.507367381979272 50.97942085294827
v 8.505041946565338 50.97885246996224
v 8.49713545016887 50.97771555222403
v 8.490624219658025 50.97296132840171
v 8.478015172075267 50.95487460016148
v 8.469643590442992 50.94376417517129
v 8.469023472896858 50.94164542841392
v 8.4684033564104 50.93658114119022
v 8.468093297637346 50.92076816093003
v 8.46623294501982 50.916711550689364
v 8.463752476919181 50.914489459539105
v 8.461272004953065 50.9145152596202
v 8.44995486542831 50.91632392256044
v 8.444063757034693 50.91601392964554
v 8.427113885562203 50.90872753880781
v 8.400603875020716 50.892346090118366
v 8.39688317264495 50.888832104520404
v 8.397658317151073 50.88387113600871
v 8.397813346828563 50.87919442020852
v 8.396573114373147 50.87673982087482
v 8.39486779027777 50.87508616052956
v 8.374197218502427 50.86464753838933
v 8.368616162780501 50.86268380739311
v 8.364120316513885 50.86159865416425
v 8.351097854555126 50.861469449181
v 8.336680127971654 50.85989327880592
v 8.32019534702757 50.86180531994295
v 8.314459264975913 50.864492537158014
v 8.306087680123262 50.877463276594845
v 8.303297150416132 50.87963365717074
v 8.29957644824176 50.88087390594578
v 8.287484166798114 50.880460540913525
v 8.283453402284925 50.87942697565862
v 8.280507846084618 50.87818673455077
v 8.268415561051414 50.86841989007247
v 8.225265742519497 50.843692753684444
v 8.223250358335665 50.84214241698078
v 8.21890953908034 50.83756907688757
v 8.216584097918158 50.835863720409755
v 8.197153762959545 50.827052961224
v 8.195448438993024 50.8258126854535
v 8.194363232800335 50.82439157340282
v 8.187231883697924 50.81152411799285
v 8.139276154274128 50.78496243160332
v 8.134160190417298 50.781345119789734
v 8.133385045339484 50.78000155430033
v 8.132919956787141 50.77837373685805
v 8.132919956397936 50.77690095191945
v 8.13354007248782 50.775660706810626
v 8.134780305793381 50.774472115493765
v 8.136950718457525 50.77343862705068
v 8.138966098776322 50.772766826938245
v 8.140826449164361 50.77183663933588
v 8.141911654821419 50.7705964208751
v 8.142221716195218 50.769201192642655
v 8.1417566264835 50.766358959654255
v 8.141911655069324 50.76506704689354
v 8.142996857397426 50.76372341839231
v 8.145012243463118 50.7623282308245
v 8.167388134521985 50.75157946397174
v 8.171728955830492 50.74853056524317
v 8.173124219477266 50.74713531171427
v 8.17436445754316 50.7455850656485
v 8.174984570180369 50.74387967431906
v 8.175139599844421 50.742071014924626
v 8.169558548623153 50.71587111297667
v 8.166923047888279 50.70786121021411
v 8.164597610415994 50.705432460573014
v 8.161341995568648 50.70411471447602
v 8.151058384228625 50.70274526623817
v 8.146717564932768 50.69995476252933
v 8.143927035326078 50.69778432426342
f 2426 2427 2428 2429 2430 2431 2432 2433 2434 2435 2436 2437 2438 2439 2440 2441 2442 2443 2444 2445 2446 2447 2448 2449 2450 2451 2452 2453 2454 2455 2456 2457 2458 2459 2460 2461 2462 2463 2464 2465 2466 2467 2468 2469 2470 2471 2472 2473 2474 2475 2476 2477 2478 2479 2480 2481 2482 2483 2484 2485 2486 2487 2488 2489 2490 2491 2492 2493 2494 2495 2496 2497 2498 2499 2500 2501 2502 2503 2504 2505 2506 2507 2508 2509 2510 2511 2512 2513 2514 2515 2516 2517 2518 2519 2520 2521 2522 2523 2524 2525 2526 2527 2528 2529 2530 2531 2532 2533 2534 2535 2536 2537 2538 2539 2540 2541 2542 2543 2544 2545 2546 2547 2548 2549 2550 2551 2552 2553 2554 2555 2556 2557 2558 2559 2560 2561 2562 2563 2564 2565 2566 2567 2568 2569 2570 2571 2572 2573 2574 2575 2576 2577 2578 2579 2580 2581 2582 2583 2584 2585 2586 2587 2588 2589 2590 2591 2592 2593 2594 2595 2596 2597 2598 2599 2600 2601 2602 2603 2604 2605 2606 2607 2608 2609 2610 2611 2612 2613 2614 2615 2616 2617 2618 2619 2620 2621 2622 2623 2624 2625 2626 2627 2628 2629 2630 2631 2632 2633 2634 2635 2636 2637 2638 2639 2640 2641 2642 2643 2644 2645 2646 2647 2648 2649 2650 2651 2652 2653 2654 2655 2656 2657 2658 2659 2660 2661 2662 2663 2664 2665 2666 2667 2668 2669 2670 2671 2672 2673 2674 2675 2676 2677 2678 2679 2680 2681 2682 2683 2684 2685 2686 2687 2688 2689 2690 2691 2692 2693 2694 2695 2696 2697 2698 2699 2700 2701 2702 2703 2704 2705 2706 2707 2708 2709 2710 2711 2712 2713 2714 2715 2716 2717 2718 2719 2720 2721 2722 2723 2724 2725 2726 2727 2728 2729 2730 2731 2732 2733 2734 2735 2736 2737 2738 2739 2740 2741 2742 2743 2744 2745 2746 2747 2748 2749 2750 2751 2752 2753 2754 2755 2756 2757 2758 2759 2760 2761 2762 2763 2764 2765 2766 2767 2768 2769 2770 2771 2772 2773 2774 2775 2776 2777 2778 2779 2780 2781 2782 2783 2784 2785 2786 2787 2788 2789 2790 2791 2792 2793 2794 2795 2796 2797 2798 2799 2800 2801 2802 2803 2804 2805 2806 2807 2808 2809 2810 2811 2812 2813 2814 2815 2816 2817 2818 2819 2820 2821 2822 2823 2824 2825 2826 2827 2828 2829 2830 2831 2832 2833 2834 2835 2836 2837 2838 2839 2840 2841 2842 2843 2844 2845 2846 2847 2848 2849 2850 2851 2852 2853 2854 2855 2856 2857 2858 2859 2860 2861 2862 2863 2864 2865 2866 2867 2868 2869 2870 2871 2872 2873 2874 2875 2876 2877 2878 2879 2880 2881 2882 2883 2884 2885 2886 2887 2888 2889 2890 2891 2892 2893 2894 2895 2896 2897 2898 2899 2900 2901 2902 2903 2904 2905 2906 2907 2908 2909 2910 2911 2912 2913 2914 2915 2916 2917 2918 2919 2920 2921 2922 2923 2924 2925 2926 2927 2928 2929 2930 2931 2932 2933 2934 2935 2936 2937 2938 2939 2940 2941 2942 2943 2944 2945 2946 2947 2948 2949 2950 2951 2952 2953 2954 2955 2956 2957 2958 2959 2960 2961 2962 2963 2964 2965 2966 2967 2968 2969 2970 2971 2972 2973 2974 2975 2976 2977 2978 2979 2980 2981 2982 2983 2984 2985 2986 2987 2988 2989 2990 2991 2992 2993 2994 2995 2996 2997 2998 2999 3000 3001 3002 3003 3004 3005 3006 3007 3008 3009 3010 3011 3012 3013 3014 3015 3016 3017 3018 3019 3020 3021 3022 3023 3024 3025 3026 3027 3028 3029 3030 3031 3032 3033 3034 3035 3036 3037 3038 3039 3040 3041 3042 3043 3044 3045 3046 3047 3048 3049 3050 3051 3052 3053 3054 3055 3056 3057 3058 3059 3060 3061 3062 3063 3064 3065 3066 3067 3068 3069 3070 3071 3072 3073 3074 3075 3076 3077 3078 3079 3080 3081 3082 3083 3084 3085 3086 3087 3088 3089 3090 3091 3092 3093 3094 3095 3096 3097 3098 3099 3100 3101 3102 3103 3104 3105 3106 3107 3108 3109 3110 3111 3112 3113 3114 3115 3116 3117 3118 3119 3120 3121 3122 3123 3124 3125 3126 3127 3128 3129 3130 3131 3132 3133 3134 3135 3136 3137 3138 3139 3140 3141 3142 3143 3144 3145 3146 3147 3148 3149 3150 3151 3152 3153 3154 3155 3156 3157 3158 3159 3160 3161 3162 3163 3164 3165 3166 3167 3168 3169 3170 3171 3172 3173 3174 3175 3176 3177 3178 3179 3180 3181 3182 3183 3184 3185 3186 3187 3188 3189 3190 3191 3192 3193 3194 3195 3196 3197 3198 3199 3200 3201 3202 3203 3204 3205 3206 3207 3208 3209 3210 3211 3212 3213 3214 3215 3216 3217 3218 3219 3220 3221 3222 3223 3224 3225 3226 3227 3228 3229 3230 3231 3232 3233 3234 3235 3236 3237 3238 3239 3240 3241 3242 3243 3244 3245 3246 3247 3248 3249 3250 3251 3252 3253 3254 3255 3256 3257 3258 3259 3260 3261 3262 3263 3264 3265 3266 3267 3268 3269 3270 3271 3272 3273 3274 3275 3276 3277 3278 3279 3280 3281 3282 3283 3284 3285 3286 3287 3288 3289 3290 3291 3292 3293 3294 3295 3296 3297 3298 3299 3300 3301 3302 3303 3304 3305 3306 3307 3308 3309 3310 3311 3312 3313 3314 3315 3316 3317 3318 3319 3320 3321 3322 3323 3324 3325 3326 3327 3328 3329 3330 3331 3332 3333 3334 3335 3336 3337 3338 3339 3340 3341 3342 3343 3344 3345 3346 3347 3348 3349 3350 3351 3352 3353 3354 3355 3356 3357 3358 3359 3360 3361 3362 3363 3364 3365 3366 3367 3368 3369 3370 3371 3372 3373 3374 3375 3376 3377 3378 3379 3380 3381 3382 3383 3384 3385 3386 3387 3388 3389 3390 3391 3392 3393 3394 3395 3396 3397 3398 3399 3400 3401 3402 3403 3404 3405 3406 3407 3408 3409 3410 3411 3412 3413 3414 3415 3416 3417 3418 3419 3420 3421 3422 3423 3424 3425 3426 3427 3428 3429 3430 3431 3432 3433 3434 3435 3436 3437 3438 3439 3440 3441 3442 3443 3444 3445 3446 3447 3448 3449 3450 3451 3452 3453 3454 3455 3456 3457 3458 3459 3460 3461 3462 3463 3464 3465 3466 3467 3468 3469 3470 3471 3472 3473 3474 3475 3476 3477 3478 3479 3480 3481 3482 3483 3484 3485 3486 3487 3488 3489 3490 3491 3492 3493 3494 3495 3496 3497 3498 3499 3500 3501 3502 3503 3504 3505 3506 3507 3508 3509 3510 3511 3512 3513 3514 3515 3516 3517 3518 3519 3520 3521 3522 3523 3524 3525 3526 3527 3528 3529 3530 3531 3532 3533 3534 3535 3536 3537 3538 3539 3540 3541 3542 3543 3544 3545 3546 3547 3548 3549 3550 3551 3552 3553 3554 3555 3556 3557 3558 3559 3560 3561 3562 3563 3564 3565 3566 3567 3568 3569 3570 3571 3572 3573 3574 3575 3576 3577 3578 3579 3580 3581 3582 3583 3584 3585 3586 3587 3588 3589 3590 3591 3592 3593 3594 3595 3596 3597 3598 3599 3600 3601 3602 3603 3604 3605 3606 3607 3608 3609 3610 3611 3612 3613 3614 3615 3616 3617 3618 3619 3620 3621 3622 3623 3624 3625 3626 3627 3628 3629 3630 3631 3632 3633 3634 3635 3636 3637 3638 3639 3640 3641 3642 3643 3644 3645 3646 3647 3648 3649 3650 3651 3652 3653 3654 3655 3656 3657 3658 3659 3660 3661 3662 3663 3664 3665 3666 3667 3668 3669
g Hessen
v 10.055024854115342 50.516503395626565
v 10.048978712804926 50.50559968005975
v 10.047738477984726 50.50262827841573
v 10.046033156515032 50.49919180831925
v 10.044482864447588 50.497021406927786
v 10.02308882093043 50.47446464028922
v 10.012701856951654 50.46089955933288
v 10.000867953239503 50.44844553848744
v 9.980869175346518 50.43733511126721
v 9.918340693141793 50.413770671817325
v 9.858912796146548 50.39899121087624
v 9.847440627169243 50.39795767489411
v 9.838758985317456 50.39811268362112
v 9.834986607471334 50.39868115350641
v 9.828475375884446 50.40069651407607
v 9.819483676757661 50.4053732388996
v 9.814367710672453 50.40906811697055
v 9.806771273775835 50.41656118233439
v 9.804445835844264 50.41821484494047
v 9.801810336816885 50.41924835093049
v 9.799174838544609 50.41953257168729
v 9.796074253849374 50.418989993463946
v 9.784447056441927 50.41542431530918
v 9.778969354817157 50.414261591185515
v 9.766722037534228 50.40209176756361
v 9.742847528844699 50.34710807733663
v 9.746258171861673 50.333155417104884
v 9.747033319479515 50.32806530667471
v 9.74796349398222 50.32354359657123
v 9.749048700260532 50.31512034806024
v 9.748583611952647 50.305560203938036
v 9.744707879094452 50.301374423280464
v 9.73835167821883 50.297550361714286
v 9.721711867468375 50.29039318464033
v 9.704348585294648 50.28535471429991
v 9.693806592958524 50.283649405300324
v 9.680319045527325 50.279515289384186
v 9.673497755738476 50.27512278669283
v 9.665384556688444 50.268146477535055
v 9.658253208084503 50.25434886959247
v 9.657788119683387 50.247269192756974
v 9.659803501828321 50.24235994008618
v 9.665074496570009 50.23843251571244
v 9.663369174729967 50.235952054344814
v 9.661198764571449 50.234350075159355
v 9.63050296410318 50.22830394385394
v 9.612054478689616 50.224169832529874
v 9.597740106027745 50.22401479864269
v 9.593089226580016 50.22471242276351
v 9.590143670706329 50.225642610783616
v 9.587508172375227 50.22752880115808
v 9.58580284949528 50.22827810119068
v 9.58378746872757 50.22894989473905
v 9.580376824539332 50.22913075507492
v 9.575880975080326 50.22887238598334
v 9.560067986010626 50.22566843373799
v 9.557587517401887 50.22579762627229
v 9.555417107884805 50.22670197592321
v 9.55335005031222 50.2281230646991
v 9.548699171440221 50.23285145960188
v 9.545753615733926 50.235021885393735
v 9.543273146117144 50.236081252313475
v 9.54110273564043 50.23657216246859
v 9.53893232636326 50.23636547253998
v 9.529785596904512 50.232954812774004
v 9.526064894469481 50.232903145897964
v 9.519863721516892 50.233884993289635
v 9.511027051283074 50.236210430919236
v 9.507926467522227 50.23559032371329
v 9.506221143429848 50.23316151924937
v 9.505290968448437 50.22672781841988
v 9.508546583485648 50.206909892749756
v 9.507306348266749 50.202569073417415
v 9.500330031687913 50.18887482800785
v 9.498728061648158 50.18409475145895
v 9.498107944311583 50.18112336062563
v 9.498418002734269 50.17879792155379
v 9.499089796504085 50.17680836888696
v 9.500175001163177 50.17541310402432
v 9.501570264404466 50.174508768845214
v 9.504360792442208 50.17368194769589
v 9.521879102792408 50.17228668118095
v 9.52528974812028 50.17145986751684
v 9.52746015802336 50.17001292116672
v 9.528700391398738 50.16861765607963
v 9.529010451721483 50.16686067263415
v 9.527150099433033 50.1635017001226
v 9.51490278542674 50.14836050428237
v 9.511802198844807 50.142856959775266
v 9.510406935091915 50.13774099613123
v 9.511027051604518 50.1345112163362
v 9.516763136165942 50.116217758101044
v 9.514127637955424 50.112910467975894
v 9.506686231983497 50.1081045620592
v 9.445863070936344 50.09141307104058
v 9.430463494809777 50.08983693994958
v 9.406744011819297 50.09234324973788
v 9.399922723189919 50.09756256717476
v 9.393101433576934 50.103867087157276
v 9.39139611240479 50.10629588490554
v 9.387365350106787 50.11469330468984
v 9.385608351092586 50.11709626161879
v 9.384058057975562 50.11890493063181
v 9.377546828271688 50.12324575742406
v 9.367935010725603 50.127379868379975
v 9.329126010901872 50.139291289564284
v 9.323855014782815 50.13952382810917
v 9.310987582640571 50.13859365582495
v 9.306336703455104 50.13905874152746
v 9.299205355667848 50.14081573989393
v 9.295949740832741 50.141435859960595
v 9.251404656855247 50.14221100253045
v 9.240552606397898 50.14417471315348
v 9.23512657968641 50.144329735428805
v 9.228770379256495 50.14381297222993
v 9.197867872314013 50.138025209226335
v 9.193527052038846 50.136526599471416
v 9.191356641892588 50.13471792726653
v 9.190271436886771 50.13037710216743
v 9.19073652491887 50.125261135735514
v 9.190426467188022 50.12311656059504
v 9.188101027162594 50.11983510621767
v 9.17073774547058 50.106605940129505
v 9.156113315215505 50.09973298217988
v 9.149292025543053 50.09756256717476
v 9.146191440119393 50.09756256717476
v 9.146501499607782 50.099267893029946
v 9.14820682069538 50.10185170900075
v 9.154252963746774 50.108027042890264
v 9.155338168693012 50.10980988312601
v 9.154873080555795 50.11120514488075
v 9.15254764162824 50.11229035176999
v 9.139060093119792 50.115003360765456
v 9.133634066939154 50.1172512862642
v 9.12107669394445 50.12386587207097
v 9.11689090294063 50.125261135735514
v 9.113790316723879 50.12572622538042
v 9.110844760901875 50.12588125545725
v 9.107899204084754 50.125416165519546
v 9.057463005914416 50.11006826289801
v 9.024390089627552 50.105081487896435
v 9.019119093138272 50.10355703537691
v 9.014468214694457 50.10086985535526
v 9.012142774885193 50.099061182706905
v 9.010282423816383 50.09683909651266
v 9.008887159776647 50.093376774946414
v 9.008112012685297 50.088674221648695
v 9.007956983904226 50.074256496670245
v 9.007336867351338 50.07019989955143
v 9.005941603240327 50.06635000323251
v 9.002996047429393 50.064282945397785
v 8.99943037299611 50.063249415678165
v 8.995089552451747 50.063042711223424
v 8.990852084694223 50.063662829960336
v 8.988061558300803 50.06247426879575
v 8.978759800427747 50.05503286580916
v 8.976589389938038 50.05278493867672
v 8.983410679396396 50.04996857457678
v 8.99235070223999 50.045731106372294
v 8.997414992484982 50.04495596096617
v 9.001910841683028 50.048366602400954
v 9.01167768702962 50.049503486848195
v 9.021444532909605 50.048366602400954
v 9.025940383419249 50.04495596096617
v 9.026870558386634 50.04314728484382
v 9.032141554205865 50.021365668051274
v 9.041753370635396 50.01172801405452
v 9.040513136273056 50.00035919913148
v 9.041288286318451 49.99870561085644
v 9.045164013520521 49.99260770561999
v 9.052347045847917 49.98366781895948
v 9.053122195467457 49.98165247548107
v 9.050951782846184 49.981135675592235
v 9.049194771652454 49.980153634531256
v 9.028110796859671 49.98542477450248
v 9.026095406209123 49.91147564241589
v 9.026715532503962 49.907393355767475
v 9.03989301741338 49.88240772247218
v 9.04919476712302 49.86605199957976
v 9.061803823923542 49.839852156804376
v 9.065059449647626 49.836803415280826
v 9.067694936707092 49.83282415236966
v 9.068935174507278 49.83142894209364
v 9.070175410043946 49.830576300156046
v 9.0723458142566 49.83029198335573
v 9.073431025098976 49.830576300156046
v 9.074981308320211 49.83158382712407
v 9.076686630536477 49.83380592566182
v 9.0828878060363 49.84104068558056
v 9.085833369695552 49.84326286766916
v 9.088003780610943 49.84411555261488
v 9.089554078220555 49.843986423583964
v 9.091259384707667 49.84331439496273
v 9.092499620253399 49.84212585543887
v 9.092964721860874 49.83980063022031
v 9.092654653399062 49.835692195122505
v 9.0903292227229 49.82801839167585
v 9.089864126644965 49.82155870986846
v 9.090794305002856 49.814995840361675
v 9.095755252782505 49.80497076254888
v 9.099165880221916 49.80026794941365
v 9.10366174077077 49.796366540081884
v 9.108674359045422 49.79442873736317
v 9.112860143569353 49.79375684095178
v 9.117821077469161 49.79427356482293
v 9.122006877793117 49.79543643016132
v 9.12650272020471 49.79608226187783
v 9.130223422798757 49.79618560751977
v 9.132858913396062 49.795513706430505
v 9.13595950718955 49.7939635303733
v 9.13937014789415 49.79086289648298
v 9.140920443613009 49.787348932159766
v 9.1404553521651 49.783679850710776
v 9.135804469926864 49.7776594823758
v 9.122161892581902 49.765799776301854
v 9.11968142411728 49.7619240339807
v 9.119526396734894 49.757764115933604
v 9.122937053810212 49.753862742175976
v 9.130998563435123 49.750581079607414
v 9.146656520695638 49.746214387107855
v 9.148981976677865 49.743579141830054
v 9.148516886136491 49.739910074631794
v 9.13533938747181 49.721874860359115
v 9.132858912690724 49.717301414730535
v 9.131773723197782 49.71329673127583
v 9.131618679424566 49.70872312991297
v 9.133479029377462 49.7034779539572
v 9.135029338599134 49.700429305289866
v 9.135029331102718 49.69794871816992
v 9.133324007209163 49.69598498890124
v 9.127587934581316 49.692006079372355
v 9.122937046130673 49.689913035386034
v 9.118751251900141 49.688595236178756
v 9.11503054222555 49.68818171914327
v 9.107589147507207 49.68813022344546
v 9.103661740444192 49.6877685129944
v 9.099475952694453 49.68642497721862
v 9.098855834173216 49.68130899688389
v 9.10025108941201 49.6729372760383
v 9.110224636212374 49.64580707227104
v 9.11130984128204 49.639812612559794
v 9.108364301669724 49.63529119513124
v 9.10598716670512 49.633197996393235
v 9.103041613789504 49.631182661372
v 9.0994759392249 49.62968404150769
v 9.091259394638213 49.6251624931349
v 9.081182489978096 49.61831534820359
v 9.078702011974181 49.61588642045572
v 9.076531615112414 49.61443968116399
v 9.072655873758137 49.61087388363361
v 9.072965931874661 49.60704980860348
v 9.076686644301972 49.603277579367344
v 9.096375355530778 49.59108178783256
v 9.11068973078428 49.57511383127087
v 9.10180137761935 49.56526935780124
v 9.099165878755775 49.56488177561831
v 9.093584830993464 49.56539865534755
v 9.080097291340964 49.57382205012885
v 9.074981319944893 49.57227167327836
v 9.073741078347249 49.57010116141436
v 9.074671253305285 49.566819692380534
v 9.078391957237594 49.562763106706946
v 9.09498009864293 49.55082596010371
v 9.099475946931848 49.54653678410425
v 9.103971790188393 49.53961205818274
v 9.105987184285736 49.537131789756835
v 9.11611575795459 49.527416498344856
v 9.125262491320306 49.51609945332987
v 9.127432899286049 49.51113846291532
v 9.126812784187306 49.508167122409596
v 9.124642367874166 49.50767608727286
v 9.121231715413582 49.507262552093316
v 9.118441189369465 49.50762431784005
v 9.115650676935346 49.508606388850794
v 9.113015171576572 49.51025992215972
v 9.105522080560393 49.51682270010672
v 9.103661736319218 49.518063043600485
v 9.101956421923363 49.51847659609406
v 9.099010848885767 49.518915570081276
v 9.087073594914973 49.518011272083164
v 9.076376589013707 49.51899338263863
v 9.068160036098842 49.51847659609406
v 9.044853954438091 49.503851997115014
v 9.03989301153127 49.502766717256804
v 9.035087117252944 49.50131999453145
v 9.02206465402121 49.50287025418438
v 9.019429148268896 49.50349023665536
v 9.011367626705773 49.504291256212426
v 8.957830844706784 49.50369700114051
v 8.953645053689947 49.50274098802676
v 8.953334986903705 49.50188820499729
v 8.953179967571792 49.5007514753277
v 8.953179966285509 49.50038971921229
v 8.93033898690086 49.48421505773587
v 8.927238405011689 49.48152795493597
v 8.92723840517457 49.48015853204313
v 8.928323608956331 49.47858237184462
v 8.9343697443683 49.47351795671192
v 8.939072297762353 49.46845364069274
v 8.94124271645019 49.46514649960786
v 8.942948028018781 49.46199406170499
v 8.945583539203035 49.455095467511356
v 8.944033240306931 49.452020634377476
v 8.94031253919406 49.44731811010872
v 8.920107056543161 49.438739856866164
v 8.914060907576056 49.43765454007842
v 8.910495240154114 49.438326431832124
v 8.908634877661854 49.44003158190642
v 8.907084580469416 49.445199166227425
v 8.903983993038588 49.44716283807364
v 8.901348497186463 49.446594437844105
v 8.899178094674673 49.444889244630424
v 8.89778282921496 49.4421762067801
v 8.894062130043011 49.43031652925435
v 8.89297692129926 49.42757761206965
v 8.891271591540182 49.42520037437085
v 8.87881757434582 49.41440003708986
v 8.861144237944202 49.40173937279989
v 8.85230756541339 49.397450188400256
v 8.84626142904108 49.396287578130746
v 8.838664995539277 49.39923315677348
v 8.830758494229164 49.399258875732315
v 8.81675418453879 49.40220448799888
v 8.814428746483042 49.403005504464055
v 8.812568387818958 49.40424561296155
v 8.810863067472042 49.40659693935406
v 8.810397979037704 49.409439135050974
v 8.811328167190752 49.4171391252546
v 8.81272341422805 49.42225481149388
v 8.813653606864603 49.423495321699434
v 8.81520389419098 49.4246837750788
v 8.817684365241007 49.4259757400835
v 8.827967964073792 49.42938619908681
v 8.829983342409285 49.4307039095542
v 8.83168866888725 49.43290021182997
v 8.832618851149302 49.43543247503516
v 8.832618850988 49.4382746762708
v 8.829053177311456 49.453855116160554
v 8.828588088646924 49.45801505859268
v 8.828588085217948 49.462200793011974
v 8.829208210256734 49.465508206420765
v 8.830913534608971 49.46855716387911
v 8.833393991711212 49.471244131961726
v 8.848896919646677 49.48338806315097
v 8.852307571053453 49.48473177571011
v 8.855253122341178 49.48468001087552
v 8.860989211038545 49.47961578631626
v 8.86501996823402 49.476825204766186
v 8.870601031315433 49.47449989811365
v 8.874011676901997 49.47449989811365
v 8.876957219489713 49.47548153328375
v 8.884760370211534 49.481992903243885
v 8.887860964097257 49.48571375968553
v 8.890651483547206 49.48995108811415
v 8.892511832054916 49.493671749138066
v 8.89344201345166 49.49664323280795
v 8.89375207009953 49.49899446751048
v 8.89359703112567 49.500492945198694
v 8.893286987480673 49.50131999453145
v 8.890496453138311 49.506125798758255
v 8.841765569961607 49.5024049583179
v 8.82843305670139 49.502818485715395
v 8.823885528543835 49.504885512652315
v 8.821560084949125 49.50674578904844
v 8.819699746192752 49.508761387773546
v 8.815668987043997 49.51728802197289
v 8.8108630776016 49.52199057901581
v 8.80760746221104 49.52348919027188
v 8.802491488062083 49.5235924255013
v 8.781562541187942 49.52199057901581
v 8.76492272690091 49.52379920610013
v 8.7458541270373 49.52994875713943
v 8.718103880155944 49.54178262269612
v 8.7112309120142 49.546071719441066
v 8.708905466753816 49.54793198313782
v 8.705959922854102 49.55087773821819
v 8.703634472055962 49.55377143827777
v 8.691542189688283 49.57369274834168
v 8.68704633370215 49.58415710149467
v 8.686891317620011 49.58552676735445
v 8.687201371129442 49.586586038518114
v 8.689216746026997 49.589402307076874
v 8.69138716203104 49.59185703192206
v 8.692627385534555 49.5937430555322
v 8.69309248663046 49.59746397707381
v 8.691697225213446 49.6022957668942
v 8.681000203074689 49.612062580665054
v 8.679139852108735 49.61459474393361
v 8.678364704464494 49.62126098125705
v 8.675729205682932 49.62250120898538
v 8.671543403050741 49.622552691436695
v 8.601366807268755 49.610977153989005
v 8.598886339162398 49.609995311994595
v 8.597801136678434 49.60860008564419
v 8.597956171176449 49.60580965575164
v 8.604829143527784 49.585449244753725
v 8.605139195653855 49.5834854500461
v 8.614440946852591 49.56059267518287
v 8.616766397137955 49.55297057492536
v 8.617386507466803 49.549689014552136
v 8.617386507820674 49.547079360607114
v 8.616611355370082 49.545038038726915
v 8.615061075888025 49.542764513841796
v 8.612580603712312 49.54080073529629
v 8.609014925384251 49.5391470060327
v 8.596560912891858 49.53630493558083
v 8.595165641429132 49.53542630904368
v 8.591289912522981 49.53382438898298
v 8.588189331159638 49.53198995937887
v 8.5661751714762 49.52731326158358
v 8.498220655278228 49.573382672378784
v 8.474449506290673 49.5857593352972
v 8.462047155165402 49.58849807125519
v 8.45801638501104 49.588859641163445
v 8.449644817369215 49.58831728649226
v 8.416830274135927 49.57945464802954
v 8.400035426526161 49.61040870236903
v 8.375437458142638 49.64110472666064
v 8.360554648729698 49.66446253827799
v 8.362259957568869 49.69092062281216
v 8.379209834381442 49.7104027756
v 8.406443311372513 49.72241749905551
v 8.439102808819843 49.72652564360979
v 8.460806923191992 49.74378579023964
v 8.473829379543464 49.7574541262704
v 8.476619909761444 49.767505245862736
v 8.462512234378204 49.77107075705079
v 8.442203396043725 49.768047671998495
v 8.423806598025212 49.7672985780874
v 8.415796742123355 49.77773706352952
v 8.413729696361782 49.78471356859421
v 8.408665396256964 49.79267156909462
v 8.389803501758887 49.81530590067233
v 8.386341182689915 49.82383255358991
v 8.38422244107411 49.83230734944099
v 8.38045007329803 49.842591151386564
v 8.370476519420784 49.85659544155105
v 8.347583858046264 49.87853204770032
v 8.340090768067 49.89101178567013
v 8.35512861010417 49.925634999500666
v 8.335439894742358 49.95963818577998
v 8.228107944467167 50.03818634793203
v 8.213018425885652 50.04443919709212
v 8.200719435185832 50.04629954917344
v 8.173796013648998 50.04578278249538
v 8.048532341671088 50.01836843474602
v 8.009723335802693 49.99932556620716
v 7.961922635105513 49.983099148187335
v 7.91856612006655 49.97387512332845
v 7.878155152003623 49.97294497548968
v 7.860275099492652 49.99002391365788
v 7.857277865884529 50.00258128546551
v 7.849836459798185 50.01074616124933
v 7.785034214318384 50.04852163245282
v 7.77511233871402 50.05107961805465
v 7.7713916356757355 50.05348257256501
v 7.810769077310296 50.07317129194438
v 7.828494093504157 50.0788557006182
v 7.838881056191644 50.08435923855098
v 7.8427567889319905 50.088209133919705
v 7.843221877062913 50.09714915926957
v 7.844307081369686 50.10180003086244
v 7.846942580166291 50.10676097759816
v 7.854539014638779 50.115778507516694
v 7.859189894022411 50.118698232975966
v 7.863840772713087 50.1195767259162
v 7.867561475750046 50.11843984415585
v 7.8728841493563335 50.11787140524301
v 7.878310173761703 50.11815562453549
v 7.886681756095672 50.12017100975466
v 7.892572870372841 50.12097199441701
v 7.896293573522585 50.12071361292309
v 7.899859245810976 50.11874990494592
v 7.905285272063802 50.114228216452425
v 7.909316034582111 50.111670237124244
v 7.913036736811692 50.10973237313145
v 7.9193929378083245 50.107872014336024
v 7.921718377239945 50.10880219683424
v 7.922493524431685 50.111670237124244
v 7.922803581563098 50.115235905505905
v 7.923423700129192 50.11815562453549
v 7.924973992745855 50.12236725139878
v 7.929831576808115 50.131617339809935
v 7.9306067240029945 50.13440786579194
v 7.930451694286811 50.136345729710364
v 7.928746372052808 50.138490303566016
v 7.9260591974619645 50.1399889155701
v 7.907300652598764 50.14686188011644
v 7.90420006711715 50.148670554208444
v 7.900324333937281 50.15166779487624
v 7.8967586613233065 50.15502676099562
v 7.895983514107892 50.162313138173836
v 7.898153924885613 50.171330684204044
v 7.910091180163669 50.188952343530495
v 7.916447381741001 50.19592866608863
v 7.9221834648578255 50.20008860645989
v 7.939443393732834 50.204997865651706
v 7.9529309424112204 50.211173208164105
v 7.980371128053003 50.219415588880636
v 7.986623975992541 50.224867457092884
v 7.99080976724936 50.22727041432863
v 7.993290235370494 50.22835560975803
v 7.995615675334857 50.22799389036682
v 7.9982511740797255 50.22690867711221
v 8.003677198106244 50.22331715708145
v 8.007397901473235 50.2201390611161
v 8.01127363410369 50.21796865082727
v 8.015924513635053 50.21618582196062
v 8.023055861414557 50.215875764402725
v 8.027086623181361 50.21796865082727
v 8.030497266938134 50.2226970437141
v 8.042021111908236 50.23383332621696
v 8.043571405139685 50.23641714014795
v 8.042641228859479 50.23843251571244
v 8.033597853051617 50.245718906097885
v 8.033442824378662 50.248225214246574
v 8.034217970547056 50.251713370008005
v 8.038248731633452 50.258844712059
v 8.041711052953776 50.26184194104384
v 8.045741814416505 50.26334055962776
v 8.096126335879841 50.26204865253909
v 8.112301059949623 50.264684147148635
v 8.117572056432532 50.26716462838827
v 8.120517611444624 50.268921613139646
v 8.122067905661066 50.27166047384732
v 8.122688023371543 50.27439932645542
v 8.122688022898357 50.277913315730494
v 8.121912875297863 50.28065216086715
v 8.118812290362753 50.28571646041461
v 8.1073401220152 50.31108958919361
v 8.10067386210228 50.31946116828106
v 8.098658480994175 50.32054636601318
v 8.08946007731781 50.32367280211557
v 8.080003289809286 50.33031322767459
v 8.073181998872267 50.33858142975242
v 8.054578483853783 50.36602161800403
v 8.049462517986525 50.37129263576903
v 8.032047559470774 50.37671864663607
v 8.03003217859114 50.37888905392845
v 8.028946972916827 50.382248020783955
v 8.02863691618754 50.38627879589763
v 8.025691359214388 50.38826834896958
v 8.022280713715308 50.38912098069464
v 7.980061068813811 50.39578725204941
v 7.9755652206691865 50.3983710965343
v 7.973394810113601 50.40025726639431
v 7.97510013101808 50.40514067997093
v 7.987554151146715 50.41185861203434
v 7.992515090319394 50.42131541507903
v 7.996235793691241 50.43216747152219
v 8.00042158396985 50.44033234951192
v 8.015459425020701 50.45020253489322
v 8.01824995272829 50.45304473349704
v 8.019180130352375 50.45490511398247
v 8.017629836571006 50.4559903166384
v 8.00832807812243 50.459220086680396
v 8.00507246291844 50.46077037768934
v 8.002281934932023 50.462449861159456
v 8.000421582819715 50.464103488549945
v 7.999336379014708 50.46591217961636
v 7.998406203816944 50.472165041073325
v 7.9982511737672235 50.474283752469546
v 7.9979411155125115 50.475834062750025
v 8.00026655405161 50.50882945544145
v 8.002747022352784 50.516477561093176
v 8.004452345493712 50.520740880387635
v 8.009258254015437 50.52203278907119
v 8.015149366298976 50.52459075301172
v 8.021040479757623 50.528440648572264
v 8.030962355493443 50.53779409891269
v 8.035923291892125 50.541566461509895
v 8.04155602430112 50.544460366335834
v 8.052873163320987 50.546010663260724
v 8.062640008884962 50.54647574262287
v 8.066980829271305 50.5459073124141
v 8.070391473751627 50.5443570161587
v 8.087444695701459 50.53017181050087
v 8.090235223954489 50.528621538300015
v 8.093335808722959 50.52751048298707
v 8.103619419813155 50.52652864977665
v 8.107185094130006 50.52652864977665
v 8.110130648627129 50.52714874425486
v 8.114626498998078 50.52877655339587
v 8.130439488044747 50.53629548961856
v 8.134780309098224 50.539060184770335
v 8.137260775121112 50.541566461509895
v 8.138656039930586 50.5434268276609
v 8.154210646376185 50.56947176066952
v 8.163822462340947 50.58580149041133
v 8.160876905782965 50.58835947485605
v 8.159636672045872 50.59081411644963
v 8.150593297366761 50.593811366545324
v 8.14780276961245 50.59706696979631
v 8.143927035003648 50.60264800725881
v 8.140516391823384 50.61753082887581
v 8.135400425620544 50.62667757228048
v 8.12160281654267 50.64579782500683
v 8.120052524657769 50.64988029270463
v 8.120672640881997 50.6526449421277
v 8.12222293618821 50.65561638147765
v 8.12656375646035 50.66114576814232
v 8.130439485927939 50.66739856204589
v 8.134470248392704 50.684038391378664
v 8.143927035326078 50.69778432426342
v 8.146717564932768 50.69995476252933
v 8.151058384228625 50.70274526623817
v 8.161341995568648 50.70411471447602
v 8.164597610415994 50.705432460573014
v 8.166923047888279 50.70786121021411
v 8.169558548623153 50.71587111297667
v 8.175139599844421 50.742071014924626
v 8.174984570180369 50.74387967431906
v 8.17436445754316 50.7455850656485
v 8.173124219477266 50.74713531171427
v 8.171728955830492 50.74853056524317
v 8.167388134521985 50.75157946397174
v 8.145012243463118 50.7623282308245
v 8.142996857397426 50.76372341839231
v 8.141911655069324 50.76506704689354
v 8.1417566264835 50.766358959654255
v 8.142221716195218 50.769201192642655
v 8.141911654821419 50.7705964208751
v 8.140826449164361 50.77183663933588
v 8.138966098776322 50.772766826938245
v 8.136950718457525 50.77343862705068
v 8.134780305793381 50.774472115493765
v 8.13354007248782 50.775660706810626
v 8.132919956397936 50.77690095191945
v 8.132919956787141 50.77837373685805
v 8.133385045339484 50.78000155430033
v 8.134160190417298 50.781345119789734
v 8.139276154274128 50.78496243160332
v 8.187231883697924 50.81152411799285
v 8.194363232800335 50.82439157340282
v 8.195448438993024 50.8258126854535
v 8.197153762959545 50.827052961224
v 8.216584097918158 50.835863720409755
v 8.21890953908034 50.83756907688757
v 8.223250358335665 50.84214241698078
v 8.225265742519497 50.843692753684444
v 8.268415561051414 50.86841989007247
v 8.280507846084618 50.87818673455077
v 8.283453402284925 50.87942697565862
v 8.287484166798114 50.880460540913525
v 8.29957644824176 50.88087390594578
v 8.303297150416132 50.87963365717074
v 8.306087680123262 50.877463276594845
v 8.314459264975913 50.864492537158014
v 8.32019534702757 50.86180531994295
v 8.336680127971654 50.85989327880592
v 8.351097854555126 50.861469449181
v 8.364120316513885 50.86159865416425
v 8.368616162780501 50.86268380739311
v 8.374197218502427 50.86464753838933
v 8.39486779027777 50.87508616052956
v 8.396573114373147 50.87673982087482
v 8.397813346828563 50.87919442020852
v 8.397658317151073 50.88387113600871
v 8.39688317264495 50.888832104520404
v 8.400603875020716 50.892346090118366
v 8.427113885562203 50.90872753880781
v 8.444063757034693 50.91601392964554
v 8.44995486542831 50.91632392256044
v 8.461272004953065 50.9145152596202
v 8.463752476919181 50.914489459539105
v 8.46623294501982 50.916711550689364
v 8.468093297637346 50.92076816093003
v 8.4684033564104 50.93658114119022
v 8.469023472896858 50.94164542841392
v 8.469643590442992 50.94376417517129
v 8.478015172075267 50.95487460016148
v 8.490624219658025 50.97296132840171
v 8.49713545016887 50.97771555222403
v 8.505041946565338 50.97885246996224
v 8.507367381979272 50.97942085294827
v 8.509537795782656 50.9802993933343
v 8.51093305637908 50.98164293968461
v 8.512328321837463 50.98339996260135
v 8.514653762885326 50.98743075668053
v 8.519459671799433 50.993528579601374
v 8.523025344464012 50.99957470964381
v 8.526125929110123 51.003760488227236
v 8.52752119120444 51.00536242759327
v 8.538218214241018 51.01337229028049
v 8.544884474025903 51.020658682728616
v 8.544419386279081 51.024663609653146
v 8.542559035650275 51.03032218705201
v 8.53666792103962 51.043913054114924
v 8.534962598501258 51.05026926582803
v 8.535892772894831 51.05605700190043
v 8.538218216646111 51.06016533805552
v 8.537443068197293 51.06324006691692
v 8.535117627118204 51.06742582587267
v 8.528141307735597 51.07631416580642
v 8.524110550415061 51.080189949415654
v 8.520544876544813 51.084944189266956
v 8.524730663890395 51.09331571145716
v 8.627153354812243 51.09359996522688
v 8.658365920968643 51.088354821887314
v 8.660846387200333 51.08817393010327
v 8.663481886070706 51.088483996960875
v 8.665807326198536 51.08923330741823
v 8.678984814697902 51.096080414049965
v 8.704409620307484 51.10473621767901
v 8.706269974263936 51.10633823224262
v 8.70735517863281 51.10876701863507
v 8.70689008875758 51.11354704546375
v 8.70549482813665 51.1162601114967
v 8.696968214472362 51.125096735280216
v 8.696038039710837 51.12644034245674
v 8.695572950699155 51.12786142895223
v 8.695572952147993 51.129230876242794
v 8.695727981399276 51.13049695713027
v 8.697743360717254 51.132848212951
v 8.717948844475735 51.15015978775588
v 8.750194937871976 51.17279405546329
v 8.751435173994292 51.174861155319945
v 8.752210323198726 51.17793593251229
v 8.75252038063584 51.18421460518517
v 8.752210323324018 51.18775445734578
v 8.75159020431076 51.19051912448031
v 8.749884882282585 51.19594515474074
v 8.749574823429967 51.197185381502095
v 8.748954704030288 51.19852894205169
v 8.744923941286705 51.210517852857905
v 8.744148796611146 51.21496205233403
v 8.73810265760659 51.23180861745124
v 8.73779259611064 51.233720610782484
v 8.736707392667487 51.237027922422264
v 8.731746450782051 51.24981778398585
v 8.731126337989995 51.250592990330496
v 8.729576042794957 51.251833201057934
v 8.72182457656885 51.25433948078983
v 8.720119254050422 51.2551146244195
v 8.71980919662087 51.25625150650211
v 8.720119254541645 51.25746590952411
v 8.723684928688591 51.26415800507363
v 8.724150016128624 51.265837480428296
v 8.723684927823003 51.2673619307833
v 8.722754756580834 51.26870559139385
v 8.721204463472972 51.269894142771236
v 8.71903405148601 51.2706951010831
v 8.716863643004325 51.27113438029081
v 8.712316115201869 51.270565901477084
v 8.707665235526598 51.26917062845983
v 8.685651076296894 51.2589903820348
v 8.66534223618376 51.25516630075502
v 8.644826692476475 51.2540552621181
v 8.63986575654317 51.2530475805865
v 8.63769534697913 51.25216909262205
v 8.63614505527292 51.25121309485256
v 8.635214880255766 51.25046380210025
v 8.629943879241521 51.2438491500956
v 8.627618441057958 51.24193715011776
v 8.624982942920118 51.24085193430207
v 8.622037388240415 51.24036104034133
v 8.617231481032059 51.240231857895296
v 8.607929723480177 51.24131707076716
v 8.603588903067347 51.24255730920713
v 8.601573519615439 51.243616618196775
v 8.600126578856539 51.24488270612128
v 8.599041375203447 51.24627798685052
v 8.598266231353943 51.24767327609939
v 8.597025996346252 51.25090304238112
v 8.595940787791685 51.254907919194345
v 8.59532067018649 51.25622566821011
v 8.594390494645285 51.25754342482988
v 8.59082482399977 51.25976554145233
v 8.584468621049307 51.26250438107647
v 8.579972772112514 51.26490734276441
v 8.5781124186821 51.26617339259522
v 8.576717154720205 51.26746528901093
v 8.575942008054367 51.26880887216446
v 8.575631950182208 51.2702041429695
v 8.57625207073074 51.27221958389286
v 8.578112421145256 51.27594027654107
v 8.58849938264732 51.289970394526634
v 8.59392540633338 51.2959906714642
v 8.615526153315724 51.313638159325194
v 8.64823734055928 51.33443800563233
v 8.651182892851939 51.3368667149604
v 8.652578155678473 51.3398639445495
v 8.653198275740595 51.34125926048229
v 8.653353309317772 51.34265458498753
v 8.653973421347 51.34404976188336
v 8.662086627664133 51.34823565637975
v 8.673248731333635 51.35216297991183
v 8.679449900404492 51.358829199064935
v 8.67960493734481 51.360612149125096
v 8.681620309537703 51.3620072802246
v 8.68549605014832 51.36342850466359
v 8.704099564421618 51.36632236944981
v 8.727715692185228 51.37309194243663
v 8.73453698504923 51.374125538861826
v 8.751745229925884 51.37360866195841
v 8.772570832004458 51.37541734576678
v 8.79629031507066 51.38037829637712
v 8.80884768566493 51.38172184402933
v 8.814583769415405 51.38172184402933
v 8.81969973814064 51.381205106005325
v 8.824815704106149 51.38032659158661
v 8.829673293343184 51.378853869154426
v 8.850757280479483 51.374693964233586
v 8.853237747366007 51.37464226074019
v 8.85571821286343 51.3748489185806
v 8.858043651094695 51.37541734576678
v 8.883365102312041 51.387509609140494
v 8.893597037756379 51.38999012518647
v 8.935144888886176 51.391282022573144
v 8.938762240777299 51.39301320787335
v 8.942482945348374 51.396243008299216
v 8.947443884897961 51.404485417971
v 8.949459266624595 51.40885209058372
v 8.949614288547247 51.412365986751965
v 8.946668735039745 51.41556997276035
v 8.94387820577305 51.417068556409674
v 8.94124270999087 51.417998770649795
v 8.9204171064531 51.41991076820726
v 8.918401731524154 51.42047930859781
v 8.917006463060495 51.42146109482231
v 8.916231315496853 51.42290800301654
v 8.915921262040683 51.42513017582283
v 8.916386349472269 51.43448360225326
v 8.916076283248495 51.43642136380146
v 8.914215939126734 51.4458007273421
v 8.912665646888176 51.450244920559484
v 8.910340207411329 51.45386227910536
v 8.908944944371948 51.455464248393554
v 8.900263296356211 51.46316392292363
v 8.898868037646457 51.464765958323405
v 8.898092886791968 51.466729607964886
v 8.89809288797812 51.46941680100815
v 8.89948815688626 51.47375769498982
v 8.900883416873064 51.47621227957127
v 8.902433709094668 51.478201814473415
v 8.906154408602534 51.48091477391376
v 8.958140899635584 51.497218692539896
v 8.999430375445552 51.50393670782883
v 9.015398392604874 51.50915603037121
v 9.021289508808039 51.50799333974239
v 9.030126171563895 51.5053577319505
v 9.049659860771492 51.4960301198638
v 9.064129269299285 51.491379352408785
v 9.066454709088838 51.49168942141851
v 9.071260612095374 51.49189603013911
v 9.074826282537787 51.490965823537785
v 9.078546992777548 51.48848544768906
v 9.084593128467073 51.48300765068145
v 9.086608518577034 51.473447650683795
v 9.08598840195209 51.47140643214358
v 9.08552330530591 51.470036878949024
v 9.084283075506772 51.45996004255385
v 9.084438109259517 51.45846148662478
v 9.084903187101197 51.45706607280393
v 9.089709095836145 51.45290613450259
v 9.108674349794807 51.44290678304051
v 9.145881377415696 51.43825586214387
v 9.153787878235471 51.438281799285505
v 9.157973664647646 51.43887601064174
v 9.193372020008393 51.45639430835705
v 9.198487985711054 51.45786706740805
v 9.210115189884727 51.456136010069066
v 9.212440626556834 51.456962784397504
v 9.21476606274611 51.45866806485841
v 9.217091507828185 51.46357740073166
v 9.218021684859236 51.4661612635545
v 9.218538442862272 51.46838323738744
v 9.218693475971884 51.46977856502278
v 9.218538447599 51.47241406856562
v 9.21853844976108 51.47520462615343
v 9.218848503391293 51.476754864048765
v 9.220243772225327 51.480320607995765
v 9.221949085367765 51.483705280595565
v 9.224274526726452 51.48703843114796
v 9.227995233350018 51.489673980495276
v 9.232801136364259 51.49246443952744
v 9.25233483544961 51.50021601784773
v 9.262876828662273 51.50223139696692
v 9.270473259824659 51.50574534237751
v 9.282927280847902 51.512876712078935
v 9.29625979593432 51.517579191756646
v 9.299515416051628 51.52005973240747
v 9.302771034015052 51.52341874386461
v 9.307111847578115 51.53075669409309
v 9.310987580819592 51.53561430062067
v 9.315793492124872 51.53990348144172
v 9.326025423492384 51.54553617475733
v 9.331503131250548 51.549541189743024
v 9.335998975535587 51.55395945148716
v 9.340184763679279 51.56129746336568
v 9.34297529596623 51.56757621223631
v 9.343440383984262 51.56910066687698
v 9.343905465903616 51.57067672406871
v 9.346696001394575 51.575921989883845
v 9.348556347532153 51.58046944563489
v 9.350261672476531 51.58362173130538
v 9.354292435580735 51.58951288167188
v 9.35491254707995 51.59108892635125
v 9.35506758518302 51.592639339877415
v 9.354757515996743 51.59416365264899
v 9.353827344567604 51.59545562883116
v 9.352122021874772 51.59648915261228
v 9.33925458686855 51.60194095241805
v 9.337239216160974 51.60300046238169
v 9.333828564690592 51.6052741414474
v 9.3330534176523 51.606669382831484
v 9.337084180594875 51.60899485663527
v 9.345920853838134 51.61230219370716
v 9.41775109668302 51.62713335185024
v 9.424262322901086 51.631525780702226
v 9.440075313606298 51.649044125957055
v 9.448498564703709 51.64403141584628
v 9.466792024716955 51.65501270117407
v 9.48291506776975 51.65467675636504
v 9.486945832632026 51.65328152732017
v 9.490356480709487 51.64930249033685
v 9.490511510254231 51.646021034754305
v 9.49020145271039 51.642636253495425
v 9.490356484717735 51.63963905330779
v 9.490821562285713 51.63679671573403
v 9.492061805361274 51.63426468091931
v 9.494387241670442 51.63209423187394
v 9.499554888109774 51.63010473730494
v 9.507771439672323 51.6283994033554
v 9.520948927373219 51.62808930138946
v 9.527925244998677 51.628786914133855
v 9.532576122852994 51.63028551441487
v 9.535211618331841 51.632145838241904
v 9.537537063913284 51.63416131082989
v 9.542653031426337 51.6377786669378
v 9.545753618435626 51.63930313168774
v 9.549319290945027 51.6402591334199
v 9.553039996040443 51.64000077952918
v 9.556192259411079 51.63821795818274
v 9.560223019636563 51.63379959408649
v 9.564718864317502 51.630388882707095
v 9.577121207705305 51.62708159026303
v 9.5853377666819 51.62599647625087
v 9.592624136099873 51.62573798251131
v 9.60502648848813 51.62746925513103
v 9.61624026507131 51.63064722545637
v 9.620891143610109 51.63111230571238
v 9.623371616109251 51.629458726183394
v 9.625386995518651 51.6240326819552
v 9.627402373755599 51.6202602687985
v 9.630968054957915 51.6172114537229
v 9.650811806006233 51.611216995204835
v 9.654377472559926 51.608167990931655
v 9.65716799851095 51.60393050862332
v 9.659803500985891 51.595145572629
v 9.666469755474372 51.58496524202146
v 9.686055133966555 51.57194292466888
v 9.677373490133597 51.5607807821714
v 9.67132734809775 51.559282178951165
v 9.668381791162124 51.560315691949455
v 9.643990509645192 51.57191697209671
v 9.641820097353822 51.57251122421783
v 9.63980472712778 51.572614722117734
v 9.63778934448556 51.57214960730897
v 9.635618927892306 51.57085760943013
v 9.633913610530328 51.56889398705259
v 9.63391360427763 51.566000020539086
v 9.635463896511567 51.562150107193084
v 9.64507571579239 51.55168566864067
v 9.644765659462896 51.550032051304015
v 9.641044956168276 51.54858510706298
v 9.636549102611383 51.54843003321284
v 9.632518346049876 51.54884351161007
v 9.629727818188115 51.549566983397
v 9.623061553255742 51.55225407310727
v 9.61965091366861 51.5524866878922
v 9.617170446800843 51.54982538907627
v 9.61593021174572 51.54398593114168
v 9.615620152769532 51.53305636907713
v 9.614534942977437 51.52739772912657
v 9.612519568981545 51.523677119419496
v 9.60967736732664 51.521971814991794
v 9.60595665739699 51.52109322094745
v 9.596809929429135 51.52057647608281
v 9.594794551824528 51.518199402502034
v 9.596809927043791 51.511584743112515
v 9.616395293142311 51.483782795163975
v 9.623061552463227 51.47732323519317
v 9.627867464757156 51.47417103597096
v 9.63561892995905 51.47205230031781
v 9.638254431762562 51.470295349441564
v 9.63871951179508 51.46802147561367
v 9.636549102252586 51.465024266502056
v 9.630968047123162 51.46073510771523
v 9.630037877918284 51.45840976396505
v 9.630968046385902 51.455386587310116
v 9.635308872649508 51.45127840100669
v 9.637014192847136 51.447402639366814
v 9.63654910961093 51.44166662184558
v 9.635308870868549 51.437739151154325
v 9.63468875504848 51.43401846070936
v 9.638564483086286 51.408696956732335
v 9.636239043377826 51.4037360103787
v 9.632518345481554 51.40094555516093
v 9.604251341326814 51.39882688182778
v 9.596809932410501 51.39701816725997
v 9.592934198299863 51.396966458669425
v 9.585957883992686 51.39856849314722
v 9.582082151758366 51.39882688182778
v 9.578981566519316 51.39758665009595
v 9.576966183333584 51.39526117533741
v 9.574640745797366 51.39195390585728
v 9.57200524675997 51.38970597123642
v 9.563633665539074 51.38446082517434
v 9.562858516950614 51.381360221013885
v 9.564563839391726 51.3767610202061
v 9.571230092799237 51.368389349080786
v 9.572160272396086 51.36399690321504
v 9.570920034048777 51.36138718618877
v 9.567044309075891 51.360612149125096
v 9.562548455018261 51.36063792117352
v 9.55350507759694 51.361929807426186
v 9.538157177581168 51.366218966293566
v 9.534746535201748 51.3665807213484
v 9.535521684166255 51.36373855426018
v 9.541257766875281 51.35831251322137
v 9.56936974039053 51.34234440801327
v 9.58626793388141 51.33945053660592
v 9.655927771063713 51.31950352086873
v 9.662283972257171 51.318935077496725
v 9.669466997197848 51.31955521180627
v 9.682644488177294 51.31495601366963
v 9.711479932338554 51.29152069236641
v 9.722021925077334 51.290461317131
v 9.725639277633997 51.29066805457478
v 9.7335457676815 51.29325182000599
v 9.7620711657317 51.30932328994851
v 9.769512563332487 51.31487840075407
v 9.77307824531352 51.31903845912517
v 9.772923206614271 51.32107955316458
v 9.772613158465168 51.3234309724274
v 9.772768182668447 51.32529126104251
v 9.77338829757133 51.32668648749326
v 9.774473504420941 51.32777172159912
v 9.776178826045049 51.32916696327457
v 9.77757408599982 51.32999374249268
v 9.77865929153296 51.3307430625613
v 9.77995120128091 51.33138899780873
v 9.782741737555448 51.33384375590461
v 9.78429203090421 51.335884982888295
v 9.784757116278607 51.33753859322084
v 9.78475711858083 51.33870134399916
v 9.783206818619604 51.33991564011785
v 9.7816565224872 51.340871619803096
v 9.779486123619218 51.34187945570889
v 9.775248656631366 51.34187945570889
v 9.76997765321273 51.34056160144438
v 9.759435660496294 51.334282922702
v 9.756955190647584 51.332138322477746
v 9.75447473001223 51.33087237440293
v 9.750754026814526 51.331337460354575
v 9.742847523719208 51.33464462686106
v 9.718921344852037 51.35069028419433
v 9.715355665114052 51.354333384402715
v 9.712720164212811 51.358829199064935
v 9.712565142289556 51.36110306810243
v 9.712565136430642 51.36260160368126
v 9.713650347939213 51.36379025526687
v 9.75586998959955 51.37916393985093
v 9.767962270914518 51.38564927899118
v 9.79204349451578 51.3903519181975
v 9.79870975580248 51.39453773041831
v 9.801655312652553 51.39719906931008
v 9.798399687192951 51.400583745214746
v 9.797314491542647 51.40223751508815
v 9.796384311895311 51.40430451009475
v 9.79591922690903 51.40673334319397
v 9.796384315858713 51.4083870018032
v 9.800725135690929 51.40885209058372
v 9.80801151434106 51.40725013950284
v 9.825994905139355 51.400893845672925
v 9.832816201622066 51.39758665009595
v 9.837208690257462 51.39360745644836
v 9.838914011346581 51.39045517615344
v 9.844495068316773 51.38151517992
v 9.849145953950197 51.376502656704
v 9.852401563322344 51.37428049282016
v 9.85643232261861 51.372110053628965
v 9.860928171010341 51.37205835072501
v 9.866044140079715 51.37335030205028
v 9.873175485164957 51.378879643276754
v 9.875500923999677 51.38172184402933
v 9.875500932825767 51.38471919775279
v 9.867129347950586 51.395984622569
v 9.865424021768154 51.39763820260844
v 9.863873736494181 51.399679535322846
v 9.862788527171588 51.401539824566626
v 9.861703327131927 51.40440793064188
v 9.861858353917778 51.40673334319397
v 9.86278852320806 51.408696956732335
v 9.865579053410443 51.410143939447266
v 9.869764841855385 51.41089321204544
v 9.88232221497555 51.41089321204544
v 9.8849577226697 51.411177548835596
v 9.891520628281675 51.41634519796561
v 9.894156115798452 51.41789534388569
v 9.897566765786046 51.41908397335768
v 9.901597522604863 51.41898054609689
v 9.904233029850296 51.41696528630441
v 9.905318229981953 51.41128081629682
v 9.905628294664723 51.40513140712103
v 9.905783323571427 51.40368445647674
v 9.914619992345504 51.397664135088846
v 9.949243202069153 51.38179947980166
v 9.930432981700768 51.37169674313122
v 9.926712272826977 51.36733000599857
v 9.923456657925664 51.360276175598045
v 9.923766721168374 51.356297168530816
v 9.925161981859564 51.353299878178596
v 9.926712277502006 51.351000316383505
v 9.927797475926022 51.34833889515436
v 9.928727660459318 51.342292868073706
v 9.929812861405745 51.339657318573565
v 9.931673214421851 51.337590288259996
v 9.9372542626595 51.33423122841542
v 9.940664908819208 51.331492385100496
v 9.942835316687537 51.32658310238751
v 9.945780872461109 51.31743636149398
v 9.944850707619974 51.30803139046584
v 9.947021113815245 51.30394890824863
v 9.949863313935142 51.303018693135336
v 9.953584018370247 51.30379384610659
v 9.958544957036624 51.3027603354238
v 9.964746127086505 51.29991810764005
v 9.97280765051314 51.291546534656774
v 9.978853794192899 51.28795503091047
v 9.983969762239125 51.28578463523349
v 9.988775669481324 51.28562958545562
v 9.99978275008867 51.28632723221506
v 10.002418244772498 51.28596544870284
v 10.025104203225183 51.28002272532641
v 10.040297073164629 51.27909252982256
v 10.049133742384365 51.27656037186059
v 10.052544386300257 51.27387320022888
v 10.05378462322625 51.27100518043604
v 10.04851362549819 51.262891966422146
v 10.048513623376465 51.257750132440634
v 10.050994091669539 51.2539777479963
v 10.053629592025935 51.25170401212634
v 10.069339224934705 51.243642455062776
v 10.071819695406086 51.239430850303684
v 10.073990107336234 51.22782951209493
v 10.077245721362264 51.22488394158856
v 10.081276483250374 51.2232302895275
v 10.085772329718784 51.222868527902364
v 10.08964806658584 51.22193840899857
v 10.096159291832917 51.219302845476655
v 10.100345085556508 51.2181143230274
v 10.105150996972865 51.21749423020115
v 10.111817256865365 51.215582216349546
v 10.117294959025438 51.21470371619593
v 10.127371860592815 51.213980220466006
v 10.133262971670096 51.21294664795332
v 10.142099646918469 51.208605897253214
v 10.148455844019052 51.20695220666619
v 10.153881867682983 51.20633206601809
v 10.163183629190476 51.20684887578975
v 10.172847122264827 51.20607373961362
v 10.186334670893114 51.200957766140625
v 10.197031693334626 51.19470493468873
v 10.217185496995201 51.18747016526828
v 10.230259635779367 51.184317925860604
v 10.231964959916773 51.18250927450489
v 10.232895135686151 51.17987377419378
v 10.232585074522918 51.178581825898284
v 10.229174432172925 51.172897449030586
v 10.214084911795387 51.16127021722619
v 10.208503858485287 51.1511416586783
v 10.207728715402228 51.146852558365346
v 10.207573680499678 51.140909698932354
v 10.20276777516865 51.120213332982885
v 10.198737012234053 51.11633757910122
v 10.196411576821738 51.1158725398242
v 10.194861280561557 51.118017064445816
v 10.193621047111797 51.12235789800753
v 10.191450634617162 51.12401152582262
v 10.185559523448372 51.12700877600258
v 10.185094435898867 51.1278356051227
v 10.184629350029903 51.129334250222335
v 10.185869579246768 51.13088447539199
v 10.186334667341676 51.13305488618565
v 10.185404491136117 51.13512194081834
v 10.177498001313547 51.14220166950497
v 10.173622265636359 51.14483712783665
v 10.166439244888343 51.145405606820916
v 10.156517367496193 51.14496633457546
v 10.134348176181936 51.14106472877624
v 10.127836945612124 51.138274207568045
v 10.125976596652297 51.136103825579
v 10.129232210129588 51.13465686361052
v 10.132022740718334 51.132951588554775
v 10.134193148965165 51.130832827057695
v 10.13574344374632 51.12850741572103
v 10.136828646692619 51.125923557535515
v 10.13837893935128 51.12359811775589
v 10.140394319888411 51.1215827347998
v 10.14349490555305 51.120135786060324
v 10.14721561022236 51.119308984579234
v 10.165664094713046 51.1172677384846
v 10.16907474351419 51.11548496880353
v 10.16876468505668 51.11073072369846
v 10.165199006876593 51.10251411958253
v 10.152021516307753 51.089181590409716
v 10.147370638292537 51.08117175627863
v 10.144270054874656 51.07416963872364
v 10.14132449853864 51.06406690156809
v 10.1410144413709 51.058692568173036
v 10.14240970060545 51.055230195881805
v 10.146440465335232 51.054300052391625
v 10.155742223193151 51.053679932811285
v 10.159928013466855 51.05298229052086
v 10.1631836257309 51.05161282755108
v 10.168764686055257 51.04830560672476
v 10.172071972270814 51.04691027865625
v 10.17594770512766 51.04613513469235
v 10.18959028302587 51.04587675394779
v 10.193155957990935 51.04484323385324
v 10.195171337918287 51.04290535711628
v 10.19827192594917 51.03812530970427
v 10.205403271496476 51.031717415188844
v 10.207573683766052 51.02882356027306
v 10.209589066504485 51.024482767662185
v 10.208658890082432 51.02086541159361
v 10.194086135657328 50.999290493327464
v 10.191140580756887 50.996629169438954
v 10.187884962396588 50.99569894915535
v 10.165043982511532 50.996422462162094
v 10.143029818492188 50.99383859773653
v 10.137913850848658 50.993993606959236
v 10.13326297612671 50.99456210494862
v 10.129542273164956 50.99559563489436
v 10.124271271383689 50.99807604755426
v 10.12272098028847 50.999316302805724
v 10.122410924109095 51.0001431433201
v 10.122410926037546 51.001176698103464
v 10.12365115680074 51.00569834969193
v 10.123186067684001 51.008023773614454
v 10.121170688625838 51.00903147494706
v 10.118070103425518 51.00879894609212
v 10.107631463292877 51.00598257385284
v 10.104375847067752 51.00585336683173
v 10.093368767824684 51.00851471848227
v 10.063138056721778 51.00864392698493
v 10.05114912119169 51.007016076657244
v 10.026189409043505 50.995724836207565
v 10.023553905234424 50.982108021227795
v 10.02634443682488 50.97601026400492
v 10.029289991151618 50.97430491032355
v 10.033010695093195 50.97257376263367
v 10.037351515672382 50.96846549603726
v 10.043087601354458 50.96164422157787
v 10.0460331547442 50.94903512754313
v 10.044637889497958 50.94386746641948
v 10.0413822759174 50.94092192980224
v 10.025414257069798 50.93802803576322
v 10.01332197397148 50.937046210682595
v 9.97807864876583 50.9394233336358
v 9.974668003886501 50.940043460042524
v 9.972962680820643 50.940973613768236
v 9.971102326379553 50.94231716704067
v 9.967691687311985 50.943247407794914
v 9.962730744659085 50.94311815766329
v 9.95590945544563 50.941852087033276
v 9.953273961879074 50.93895825940177
v 9.951878697194326 50.93590934113745
v 9.951258577979377 50.92973398503206
v 9.952653840518698 50.92650418767454
v 9.95559939854229 50.9247988845531
v 9.959320103984627 50.92505728663386
v 9.962110630844672 50.9264783862683
v 9.96722659666712 50.93012155748369
v 9.969707062775953 50.92908800639334
v 9.971412386075247 50.92567737484561
v 9.970327180245741 50.914205191160676
v 9.971567418296184 50.90898592310224
v 9.974202915172263 50.90614371158137
v 9.97776858944494 50.906453769339734
v 9.980869175844333 50.90764232789205
v 9.98350467411183 50.90939933856778
v 9.985830109698044 50.911414671495514
v 9.987690465879448 50.913791845134014
v 9.98986087543078 50.91580721596672
v 9.992031285531628 50.91756421012332
v 9.99466678252314 50.919062821772194
v 9.997457311873667 50.920122207110246
v 10.000247838838579 50.92076816093003
v 10.002728303153454 50.921078160157954
v 10.006190629914627 50.92097487900159
v 10.008516066980082 50.920509763598034
v 10.011306590412852 50.91963121480884
v 10.021383500445923 50.91526463240359
v 10.032700634534539 50.90875333825243
v 10.035956250249232 50.905652748667315
v 10.039366895542804 50.90149281663452
v 10.04417280272092 50.89250110979542
v 10.04758344926316 50.88878043209391
v 10.055955032298803 50.882630949284255
v 10.028979930737712 50.86237372970271
v 10.026034375165976 50.85875639477043
v 10.023243847939407 50.85436390820058
v 10.02680952394955 50.846819172523915
v 10.026034374086388 50.83702644086786
v 10.023088821035698 50.833305786841876
v 10.0187480020102 50.831677990028616
v 10.013477005547236 50.83154880152553
v 10.00712080002008 50.83064440607612
v 9.998232454638677 50.82733712383327
v 9.992496374274308 50.82583855368391
v 9.972497594759766 50.82428825696745
v 9.9577698081744 50.82030912837763
v 9.951878693765838 50.81754442556482
v 9.949398226024027 50.81519316039272
v 9.94986331665491 50.8127127405944
v 9.949708287725082 50.80994804921757
v 9.944385617104233 50.802739202127604
v 9.942680289691994 50.79958688124105
v 9.942215200515319 50.79643460258658
v 9.942060171635935 50.793178985480495
v 9.942835323130849 50.79033685274431
v 9.945005728527878 50.78472989179743
v 9.945780875722248 50.78124174435648
v 9.946245966905574 50.77659090950533
v 9.9448506995213 50.774472115493765
v 9.942680288286395 50.774472115493765
v 9.940974967370366 50.77589323766512
v 9.938804561427125 50.77643588845123
v 9.935548944698319 50.77591910040753
v 9.93105309180602 50.77431709583338
v 9.926092154736564 50.77323188316647
v 9.920666131741097 50.76377514120994
v 9.932138299265535 50.75563610336516
v 9.935548945131952 50.75098522823782
v 9.936014029497807 50.74878892912206
v 9.936014031563692 50.742561947630435
v 9.934773796911005 50.73669668094298
v 9.933378536302179 50.732820983513406
v 9.930122917129772 50.72718820781985
v 9.916480341842098 50.711426931156375
v 9.912604607949488 50.70455393640142
v 9.912139520839155 50.6999289081012
v 9.913999871401055 50.69525218439835
v 9.913224725210558 50.69266836432
v 9.906713493915312 50.68677723528114
v 9.904077993606798 50.68496854506987
v 9.90097740878806 50.683573276966676
v 9.897411735908982 50.68248809142239
v 9.893070918730208 50.67987848035516
v 9.88821333338696 50.67592522307238
v 9.881237012016182 50.66711435826481
v 9.87906660373842 50.662101760262686
v 9.878136428350363 50.65701164095058
v 9.878446486144016 50.65205068207483
v 9.877671341142008 50.64360160551289
v 9.879531690401517 50.63711618657225
v 9.882632277553688 50.634015625390525
v 9.88697309841497 50.63324048167769
v 9.894621208052941 50.63504912831855
v 9.89803185225564 50.636341032756235
v 9.901597528319726 50.63727123320942
v 9.905473259175569 50.637555440225086
v 9.909659049645281 50.63678028497759
v 9.925782097327206 50.63006235268304
v 9.93399864977684 50.62804697105436
v 9.943300409192393 50.62714265316358
v 9.947692904013405 50.6274268480809
v 9.951413609699477 50.62838289924531
v 9.954204135822943 50.63019154788857
v 9.957149690711113 50.6353591800725
v 9.960405307109276 50.63964832919218
v 9.959940220679762 50.641870438126745
v 9.957459752548974 50.64429923788437
v 9.949553256809217 50.65029368199147
v 9.947331171571378 50.652929206453166
v 9.946711051626199 50.65551298311071
v 9.947176141186139 50.658355208822655
v 9.948623080844982 50.66073232104005
v 9.950948521209222 50.662747707272125
v 9.954514193191725 50.663884581391294
v 9.970792273637212 50.66657180251197
v 9.977923616819695 50.668845514956196
v 9.99063602281858 50.67442660156342
v 9.99761234176449 50.676235289246996
v 10.004175243682107 50.67654527795974
v 10.008361037819647 50.67618358556744
v 10.025104202276014 50.67261792766764
v 10.042622513991438 50.671274356943655
v 10.052079301560152 50.66956903365159
v 10.05688520644939 50.66776031891259
v 10.0603475290793 50.66587414366483
v 10.06282799739439 50.6629544324878
v 10.073680046949232 50.64515188515031
v 10.076005487427977 50.62200085070586
v 10.07430016526512 50.61962373637379
v 10.07243981397773 50.61784089673505
v 10.069804316189558 50.6192361681733
v 10.064998406407813 50.619003596416505
v 10.058590528988809 50.616833197130234
v 10.04835859472537 50.609546817807924
v 10.045878127388377 50.605490224360224
v 10.045723097839927 50.602234622868636
v 10.047738477820783 50.60047760125249
v 10.048823684152811 50.597712934901324
v 10.049288770798704 50.594121403549984
v 10.047893508086803 50.57608633419157
v 10.048048536617497 50.572934068246916
v 10.048358596259312 50.57001436766951
v 10.049133743023946 50.567353025032254
v 10.050063919557136 50.56507926946513
v 10.056885206805866 50.55443390734508
v 10.055955031641988 50.5494729813302
v 10.047428420947274 50.532264730850144
v 10.045413038781135 50.52637359722604
v 10.044482861950513 50.52190357454453
v 10.044792921830837 50.51955231809747
v 10.047428420146524 50.51696849551856
f 3670 3671 3672 3673 3674 3675 3676 3677 3678 3679 3680 3681 3682 3683 3684 3685 3686 3687 3688 3689 3690 3691 3692 3693 3694 3695 3696 3697 3698 3699 3700 3701 3702 3703 3704 3705 3706 3707 3708 3709 3710 3711 3712 3713 3714 3715 3716 3717 3718 3719 3720 3721 3722 3723 3724 3725 3726 3727 3728 3729 3730 3731 3732 3733 3734 3735 3736 3737 3738 3739 3740 3741 3742 3743 3744 3745 3746 3747 3748 3749 3750 3751 3752 3753 3754 3755 3756 3757 3758 3759 3760 3761 3762 3763 3764 3765 3766 3767 3768 3769 3770 3771 3772 3773 3774 3775 3776 3777 3778 3779 3780 3781 3782 3783 3784 3785 3786 3787 3788 3789 3790 3791 3792 3793 3794 3795 3796 3797 3798 3799 3800 3801 3802 3803 3804 3805 3806 3807 3808 3809 3810 3811 3812 3813 3814 3815 3816 3817 3818 3819 3820 3821 3822 3823 3824 3825 3826 3827 3828 3829 3830 3831 3832 3833 3834 3835 3836 3837 3838 3839 3840 3841 3842 3843 3844 3845 3846 3847 3848 3849 3850 3851 3852 3853 3854 3855 3856 3857 3858 3859 3860 3861 3862 3863 3864 3865 3866 3867 3868 3869 3870 3871 3872 3873 3874 3875 3876 3877 3878 3879 3880 3881 3882 3883 3884 3885 3886 3887 3888 3889 3890 3891 3892 3893 3894 3895 3896 3897 3898 3899 3900 3901 3902 3903 3904 3905 3906 3907 3908 3909 3910 3911 3912 3913 3914 3915 3916 3917 3918 3919 3920 3921 3922 3923 3924 3925 3926 3927 3928 3929 3930 3931 3932 3933 3934 3935 3936 3937 3938 3939 3940 3941 3942 3943 3944 3945 3946 3947 3948 3949 3950 3951 3952 3953 3954 3955 3956 3957 3958 3959 3960 3961 3962 3963 3964 3965 3966 3967 3968 3969 3970 3971 3972 3973 3974 3975 3976 3977 3978 3979 3980 3981 3982 3983 3984 3985 3986 3987 3988 3989 3990 3991 3992 3993 3994 3995 3996 3997 3998 3999 4000 4001 4002 4003 4004 4005 4006 4007 4008 4009 4010 4011 4012 4013 4014 4015 4016 4017 4018 4019 4020 4021 4022 4023 4024 4025 4026 4027 4028 4029 4030 4031 4032 4033 4034 4035 4036 4037 4038 4039 4040 4041 4042 4043 4044 4045 4046 4047 4048 4049 4050 4051 4052 4053 4054 4055 4056 4057 4058 4059 4060 4061 4062 4063 4064 4065 4066 4067 4068 4069 4070 4071 4072 4073 4074 4075 4076 4077 4078 4079 4080 4081 4082 4083 4084 4085 4086 4087 4088 4089 4090 4091 4092 4093 4094 4095 4096 4097 4098 4099 4100 4101 4102 4103 4104 4105 4106 4107 4108 4109 4110 4111 4112 4113 4114 4115 4116 4117 4118 4119 4120 4121 4122 4123 4124 4125 4126 4127 4128 4129 4130 4131 4132 4133 4134 4135 4136 4137 4138 4139 4140 4141 4142 4143 4144 4145 4146 4147 4148 4149 4150 4151 4152 4153 4154 4155 4156 4157 4158 4159 4160 4161 4162 4163 4164 4165 4166 4167 4168 4169 4170 4171 4172 4173 4174 4175 4176 4177 4178 4179 4180 4181 4182 4183 4184 4185 4186 4187 4188 4189 4190 4191 4192 4193 4194 4195 4196 4197 4198 4199 4200 4201 4202 4203 4204 4205 4206 4207 4208 4209 4210 4211 4212 4213 4214 4215 4216 4217 4218 4219 4220 4221 4222 4223 4224 4225 4226 4227 4228 4229 4230 4231 4232 4233 4234 4235 4236 4237 4238 4239 4240 4241 4242 4243 4244 4245 4246 4247 4248 4249 4250 4251 4252 4253 4254 4255 4256 4257 4258 4259 4260 4261 4262 4263 4264 4265 4266 4267 4268 4269 4270 4271 4272 4273 4274 4275 4276 4277 4278 4279 4280 4281 4282 4283 4284 4285 4286 4287 4288 4289 4290 4291 4292 4293 4294 4295 4296 4297 4298 4299 4300 4301 4302 4303 4304 4305 4306 4307 4308 4309 4310 4311 4312 4313 4314 4315 4316 4317 4318 4319 4320 4321 4322 4323 4324 4325 4326 4327 4328 4329 4330 4331 4332 4333 4334 4335 4336 4337 4338 4339 4340 4341 4342 4343 4344 4345 4346 4347 4348 4349 4350 4351 4352 4353 4354 4355 4356 4357 4358 4359 4360 4361 4362 4363 4364 4365 4366 4367 4368 4369 4370 4371 4372 4373 4374 4375 4376 4377 4378 4379 4380 4381 4382 4383 4384 4385 4386 4387 4388 4389 4390 4391 4392 4393 4394 4395 4396 4397 4398 4399 4400 4401 4402 4403 4404 4405 4406 4407 4408 4409 4410 4411 4412 4413 4414 4415 4416 4417 4418 4419 4420 4421 4422 4423 4424 4425 4426 4427 4428 4429 4430 4431 4432 4433 4434 4435 4436 4437 4438 4439 4440 4441 4442 4443 4444 4445 4446 4447 4448 4449 4450 4451 4452 4453 4454 4455 4456 4457 4458 4459 4460 4461 4462 4463 4464 4465 4466 4467 4468 4469 4470 4471 4472 4473 4474 4475 4476 4477 4478 4479 4480 4481 4482 4483 4484 4485 4486 4487 4488 4489 4490 4491 4492 4493 4494 4495 4496 4497 4498 4499 4500 4501 4502 4503 4504 4505 4506 4507 4508 4509 4510 4511 4512 4513 4514 4515 4516 4517 4518 4519 4520 4521 4522 4523 4524 4525 4526 4527 4528 4529 4530 4531 4532 4533 4534 4535 4536 4537 4538 4539 4540 4541 4542 4543 4544 4545 4546 4547 4548 4549 4550 4551 4552 4553 4554 4555 4556 4557 4558 4559 4560 4561 4562 4563 4564 4565 4566 4567 4568 4569 4570 4571 4572 4573 4574 4575 4576 4577 4578 4579 4580 4581 4582 4583 4584 4585 4586 4587 4588 4589 4590 4591 4592 4593 4594 4595 4596 4597 4598 4599 4600 4601 4602 4603 4604 4605 4606 4607 4608 4609 4610 4611 4612 4613 4614 4615 4616 4617 4618 4619 4620 4621 4622 4623 4624 4625 4626 4627 4628 4629 4630 4631 4632 4633 4634 4635 4636 4637 4638 4639 4640 4641 4642 4643 4644 4645 4646 4647 4648 4649 4650 4651 4652 4653 4654 4655 4656 4657 4658 4659 4660 4661 4662 4663 4664 4665 4666 4667 4668 4669 4670 4671 4672 4673 4674 4675 4676 4677 4678 4679 4680 4681 4682 4683 4684 4685 4686 4687 4688 4689 4690 4691 4692 4693 4694 4695 4696 4697 4698 4699 4700 4701 4702 4703 4704 4705 4706 4707 4708 4709 4710 4711 4712 4713 4714 4715 4716 4717 4718 4719 4720 4721 4722 4723 4724 4725 4726 4727 4728 4729 4730 4731 4732 4733 4734 4735 4736 4737 4738 4739 4740 4741 4742 4743 4744 4745 4746 4747 4748 4749 4750 4751 4752 4753 4754 4755 4756 4757 4758 4759 4760 4761 4762 4763 4764 4765 4766 4767 4768 4769 4770 4771 4772 4773 4774 4775 4776 4777 4778 4779 4780 4781 4782 4783 4784 4785 4786 4787 4788 4789 4790 4791 4792 4793 4794 4795 4796 4797 4798 4799 4800 4801 4802 4803 4804 4805 4806 4807 4808 4809 4810 4811 4812 4813 4814 4815 4816 4817 4818 4819 4820 4821 4822 4823 4824 4825 4826 4827 4828 4829 4830 4831 4832 4833 4834 4835 4836 4837 4838 4839 4840 4841 4842 4843 4844 4845 4846 4847 4848 4849 4850 4851 4852 4853 4854 4855 4856 4857 4858 4859 4860 4861 4862 4863 4864 4865 4866 4867 4868 4869 4870 4871 4872 4873 4874 4875 4876 4877 4878 4879 4880 4881 4882 4883 4884 4885 4886 4887 4888 4889 4890 4891 4892 4893 4894 4895 4896 4897 4898 4899 4900 4901 4902 4903 4904 4905 4906 4907 4908 4909 4910 4911 4912 4913 4914 4915 4916 4917 4918 4919 4920 4921 4922 4923 4924 4925 4926 4927 4928 4929 4930 4931 4932 4933 4934 4935 4936 4937 4938 4939 4940 4941 4942 4943 4944 4945 4946 4947 4948 4949 4950 4951 4952 4953 4954 4955 4956 4957 4958 4959 4960 4961 4962 4963 4964 4965 4966 4967 4968 4969 4970 4971 4972 4973 4974 4975 4976 4977 4978 4979 4980 4981 4982 4983 4984 4985 4986 4987 4988 4989 4990 4991 4992 4993 4994 4995 4996 4997 4998 4999 5000 5001 5002 5003 5004 5005 5006 5007 5008 5009 5010 5011 5012 5013 5014 5015 5016 5017 5018 5019 5020 5021 5022 5023 5024 5025 5026 5027 5028 5029 5030 5031 5032 5033 5034 5035 5036 5037 5038 5039 5040 5041 5042 5043 5044 5045 5046 5047 5048 5049 5050 5051 5052 5053 5054 5055 5056 5057 5058 5059 5060 5061 5062 5063 5064 5065 5066 5067 5068 5069 5070 5071 5072 5073 5074 5075 5076 5077 5078 5079 5080 5081 5082 5083 5084 5085 5086 5087 5088 5089
